Workbook

Sheet Data
A1: Grade A - Balances | B1: 39234 | C1: 39264 | D1: 39295 | E1: 39326 | F1: 39356 | G1: 39387 | H1: 39417 | I1: 39448 | J1: 39479 | K1: 39508 | L1: 39539 | M1: 39569 | N1: 39600 | O1: 39630 | P1: 39661 | Q1: 39692 | R1: 39722 | S1: 39753 | T1: 39783 | U1: 39814 | V1: 39845 | W1: 39873 | X1: 39904 | Y1: 39934 | Z1: 39965 | AA1: 39995 | AB1: 40026 | AC1: 40057 | AD1: 40087 | AE1: 40118 | AF1: 40148 | AG1: 40179 | AH1: 40210 | AI1: 40238 | AJ1: 40269 | AK1: 40299 | AL1: 40330 | AM1: 40360 | AN1: 40391 | AO1: 40422 | AP1: 40452 | AQ1: 40483 | AR1: 40513 | AS1: 40544 | AT1: 40575 | AU1: 40603 | AV1: 40634 | AW1: 40664 | AX1: 40695 | AY1: 40725 | AZ1: 40756 | BA1: 40787 | BB1: 40817 | BC1: 40848 | BD1: 40878 | BE1: 40909 | BF1: 40940 | BG1: 40969 | BH1: 41000 | BI1: 41030 | BJ1: 41061 | BK1: 41091 | BL1: 41122 | BM1: 41153 | BN1: 41183 | BO1: 41214 | BP1: 41244 | BQ1: 41275 | BR1: 41306 | BS1: 41334 | BT1: 41365 | BU1: 41395 | BV1: 41426 | BW1: 41456 | BX1: 41487 | BY1: 41518 | BZ1: 41548 | CA1: 41579 | CB1: 41609 | CC1: 41640 | CD1: 41671 | CE1: 41699 | CF1: 41730 | CG1: 41760 | CH1: 41791 | CI1: 41821 | CJ1: 41852 | CK1: 41883 | CL1: 41913 | CM1: 41944 | CN1: 41974 | CO1: 42005 | CP1: 42036 | CQ1: 42064 | CR1: 42095 | CS1: 42125 | CT1: 42156 | CU1: 42186 | CV1: 42217 | CW1: 42248 | CX1: 42278 | CY1: 42309 | CZ1: 42339 | DA1: 42370 | DB1: 42401 | DC1: 42430 | DD1: 42461 | DE1: 42491 | DF1: 42522 | DG1: 42552 | DH1: 42583 | DI1: 42614 | DJ1: 42644 | DK1: 42675 | DL1: 42705 | DM1: 42736 | DN1: 42767 | DO1: 42795 | DP1: 42826 | DQ1: 42856 | DR1: 42887 | DS1: 42917 | DT1: 42948 | DU1: 42979 | DV1: 43009 | DW1: 43040 | DX1: 43070 | DY1: 43101 | DZ1: 43132 | EA1: 43160 | EB1: 43191 | EC1: 43221 | ED1: 43252 | EE1: 43282 | EF1: 43313 | EG1: 43344 | EH1: 43374 | EI1: 43405 | EJ1: 43435 | EK1: 43466 | EL1: 43497 | EM1: 43525 | EN1: 43556 | EO1: 43586 | EP1: 43617 | EQ1: 43647 | ER1: 43678 | ES1: 43709 | ET1: 43739 | EU1: 43770 | EV1: 43800 | EW1: 43831 | EX1: 43862 | EY1: 43891 | EZ1: 43922 | FA1: 43952 | FB1: 43983 | FC1: 44013 | FD1: 44044 | FE1: 44075 | FF1: 44105 | FG1: 44136 | FH1: 44166 | FI1: 44197 | FJ1: 44228 | FK1: 44256 | FL1: 44287 | FM1: 44317 | FN1: 44348 | FO1: 44378 | FP1: 44409 | FQ1: 44440 | FR1: 44470 | FS1: 44501 | FT1: 44531 | FU1: 44562 | FV1: 44593 | FW1: 44621 | FX1: 44652 | FY1: 44682 | FZ1: 44713 | GA1: 44743 | GB1: 44774 | GC1: 44805 | GD1: 44835 | GE1: 44866 | GF1: 44896 | GG1: 44927 | GH1: 44958 | GI1: 44986 | GJ1: 45017 | GK1: 45047 | GL1: 45078 | GM1: 45108 | GN1: 45139 | GO1: 45170
A2: Current | B2: 0 | C2: 64050 | D2: 107463.59 | E2: 136251.67 | F2: 180443.53 | G2: 242685.26 | H2: 294141.51 | I2: 556800.25 | J2: 723486.9 | K2: 904548.8 | L2: 993815.62 | M2: 1022577.4 | N2: 1041386.8 | O2: 1116578.4 | P2: 1120338.1 | Q2: 1119545.3 | R2: 1204754 | S2: 1338544.4 | T2: 1640440.6 | U2: 2012185.1 | V2: 2358169.9 | W2: 2787859.3 | X2: 3302487.9 | Y2: 3668220 | Z2: 4209369.1 | AA2: 4734973.4 | AB2: 5355905.1 | AC2: 6081062.6 | AD2: 6762929.7 | AE2: 7510857.4 | AF2: 8286220.2 | AG2: 8990622.8 | AH2: 9640419 | AI2: 10414808 | AJ2: 11099231 | AK2: 12268454 | AL2: 13573264 | AM2: 15100581 | AN2: 15940209 | AO2: 17195064 | AP2: 19221405 | AQ2: 21128473 | AR2: 23983917 | AS2: 26460328 | AT2: 28119775 | AU2: 29757682 | AV2: 31100269 | AW2: 32907838 | AX2: 35091986 | AY2: 37341636 | AZ2: 40645227 | BA2: 45034723 | BB2: 49943237 | BC2: 53903756 | BD2: 56455135 | BE2: 61525583 | BF2: 67664395 | BG2: 74213298 | BH2: 79604152 | BI2: 85496015 | BJ2: 89336288 | BK2: 94081818 | BL2: 1.0155473e+08 | BM2: 1.0854135e+08 | BN2: 1.1502232e+08 | BO2: 1.1997149e+08 | BP2: 1.3069934e+08 | BQ2: 1.4057777e+08 | BR2: 1.5257855e+08 | BS2: 1.6818718e+08 | BT2: 1.8210189e+08 | BU2: 1.906347e+08 | BV2: 1.9954699e+08 | BW2: 2.1080066e+08 | BX2: 2.2120378e+08 | BY2: 2.3071586e+08 | BZ2: 2.4507086e+08 | CA2: 2.7190595e+08 | CB2: 2.9627143e+08 | CC2: 3.1883856e+08 | CD2: 3.3788203e+08 | CE2: 3.5384975e+08 | CF2: 3.7631861e+08 | CG2: 3.9736825e+08 | CH2: 4.1125115e+08 | CI2: 4.4463214e+08 | CJ2: 4.673362e+08 | CK2: 4.7563955e+08 | CL2: 5.5224526e+08 | CM2: 5.8234626e+08 | CN2: 5.8534217e+08 | CO2: 645097670 | CP2: 6.7764975e+08 | CQ2: 7.0665755e+08 | CR2: 7.5845282e+08 | CS2: 8.0481154e+08 | CT2: 8.3706647e+08 | CU2: 9.0710169e+08 | CV2: 9.4845208e+08 | CW2: 9.7394104e+08 | CX2: 1.0532717e+09 | CY2: 1.0955226e+09 | CZ2: 1.1519079e+09 | DA2: 1.1888318e+09 | DB2: 1.2329593e+09 | DC2: 1.3342901e+09 | DD2: 1.3392334e+09 | DE2: 1.3223776e+09 | DF2: 1.3099514e+09 | DG2: 1.2701025e+09 | DH2: 1.2280948e+09 | DI2: 1.179207e+09 | DJ2: 1.1371796e+09 | DK2: 1.0936934e+09 | DL2: 1.0524175e+09 | DM2: 1.0107764e+09 | DN2: 9.6546304e+08 | DO2: 9.3200228e+08 | DP2: 8.8370774e+08 | DQ2: 8.4941515e+08 | DR2: 8.1346356e+08 | DS2: 7.7290412e+08 | DT2: 7.3667678e+08 | DU2: 6.9503841e+08 | DV2: 6.6153919e+08 | DW2: 6.3166732e+08 | DX2: 5.9684289e+08 | DY2: 5.6542324e+08 | DZ2: 5.2373769e+08 | EA2: 4.8744921e+08 | EB2: 4.438859e+08 | EC2: 4.0860016e+08 | ED2: 3.7038543e+08 | EE2: 3.3072807e+08 | EF2: 2.8907246e+08 | EG2: 2.4514382e+08 | EH2: 2.0838549e+08 | EI2: 1.6629112e+08 | EJ2: 1.2932303e+08 | EK2: 93279017 | EL2: 55278589 | EM2: 16800786 | EN2: 1002300.6 | EO2: 958768.58 | EP2: 915973.25 | EQ2: 874303.36 | ER2: 832589.37 | ES2: 791399.32 | ET2: 750334.87 | EU2: 709026.23 | EV2: 667935.03 | EW2: 627416.35 | EX2: 587596.6 | EY2: 547540.61 | EZ2: 508811.15 | FA2: 470965.93 | FB2: 434194.05 | FC2: 399073.82 | FD2: 363963.35 | FE2: 330188.18 | FF2: 297296 | FG2: 265337.21 | FH2: 233594.55 | FI2: 205140.34 | FJ2: 181520.38 | FK2: 158509.85 | FL2: 138530.24 | FM2: 122177.61 | FN2: 107333.16 | FO2: 96277.86 | FP2: 85497.25 | FQ2: 76704.38 | FR2: 69791.77 | FS2: 65628.96 | FT2: 61756.95 | FU2: 58105.84 | FV2: 54431.76 | FW2: 50734.54 | FX2: 47014.06 | FY2: 43270.16 | FZ2: 39502.69 | GA2: 35711.51 | GB2: 31896.47 | GC2: 28057.41 | GD2: 24194.19 | GE2: 20306.66 | GF2: 16876.89 | GG2: 13425.69 | GH2: 9952.95 | GI2: 7676.48 | GJ2: 5816.83 | GK2: 4743.84 | GL2: 3663.83 | GM2: 2576.78 | GN2: 1482.62 | GO2: 381.31
A3: 30+ | B3: 0 | C3: 0 | D3: 0 | E3: 0 | F3: 0 | G3: 0 | H3: 0 | I3: 0 | J3: 0 | K3: 0 | L3: 0 | M3: 0 | N3: 0 | O3: 0 | P3: 0 | Q3: 0 | R3: 0 | S3: 0 | T3: 0 | U3: 0 | V3: 0 | W3: 0 | X3: 0 | Y3: 13804.92 | Z3: 1808.83 | AA3: 1002.26 | AB3: 0 | AC3: 0 | AD3: 14601.75 | AE3: 8842.77 | AF3: 0 | AG3: 29117.12 | AH3: 8938.18 | AI3: 7441.4 | AJ3: 64846.56 | AK3: 23069.62 | AL3: 11774.68 | AM3: 6181.16 | AN3: 22491.22 | AO3: 23590.31 | AP3: 10994.58 | AQ3: 10385.21 | AR3: 18905.39 | AS3: 27903.79 | AT3: 9966.5 | AU3: 39923.73 | AV3: 28059.78 | AW3: 41678.16 | AX3: 25243.4 | AY3: 23089.21 | AZ3: 53863.35 | BA3: 89706.25 | BB3: 47506.53 | BC3: 58819.64 | BD3: 59797.5 | BE3: 41026.85 | BF3: 41196.37 | BG3: 70181.66 | BH3: 76380.69 | BI3: 150779.23 | BJ3: 139755.23 | BK3: 118069.77 | BL3: 176016.47 | BM3: 220941.73 | BN3: 164538.09 | BO3: 265220.96 | BP3: 210175.15 | BQ3: 219052.92 | BR3: 282951.04 | BS3: 271498.82 | BT3: 297649.87 | BU3: 274526.59 | BV3: 204310.05 | BW3: 275021.3 | BX3: 287377.7 | BY3: 381179.56 | BZ3: 279582.73 | CA3: 332866.49 | CB3: 214684.71 | CC3: 326265.69 | CD3: 363695.39 | CE3: 229307.43 | CF3: 319428.8 | CG3: 379673.76 | CH3: 342129.82 | CI3: 512511.41 | CJ3: 459858.84 | CK3: 501483.62 | CL3: 475840.55 | CM3: 587533.16 | CN3: 435586.94 | CO3: 736531.9 | CP3: 642468.87 | CQ3: 737266.91 | CR3: 811283.43 | CS3: 917467.38 | CT3: 787158.12 | CU3: 832297.45 | CV3: 1220484.1 | CW3: 1117420.9 | CX3: 1116056.3 | CY3: 1264515.4 | CZ3: 903031.79 | DA3: 1377682.1 | DB3: 1438557.5 | DC3: 1119483.8 | DD3: 1742795.5 | DE3: 1651720.7 | DF3: 1556205.9 | DG3: 2364392.1 | DH3: 1869370.7 | DI3: 2280237.8 | DJ3: 2648443.1 | DK3: 2426723.3 | DL3: 2182648.8 | DM3: 2262457.7 | DN3: 2668882.8 | DO3: 2037112 | DP3: 2380550.8 | DQ3: 2574914.1 | DR3: 2291906 | DS3: 2321171.9 | DT3: 2173382.5 | DU3: 2535503.9 | DV3: 1993946.7 | DW3: 2232229.6 | DX3: 2211802.1 | DY3: 2280424.6 | DZ3: 2301614.6 | EA3: 1908371.5 | EB3: 2632577.8 | EC3: 2444770.7 | ED3: 2565294.4 | EE3: 2756089.1 | EF3: 3059621.7 | EG3: 3459336.7 | EH3: 2667814.5 | EI3: 3800497.3 | EJ3: 1264926.6 | EK3: 584442.93 | EL3: 591137.38 | EM3: 227919.94 | EN3: 166237.67 | EO3: 0 | EP3: 0 | EQ3: 0 | ER3: 0 | ES3: 0 | ET3: 0 | EU3: 0 | EV3: 0 | EW3: 0 | EX3: 0 | EY3: 0 | EZ3: 0 | FA3: 0 | FB3: 0 | FC3: 0 | FD3: 0 | FE3: 0 | FF3: 0 | FG3: 0 | FH3: 0 | FI3: 0 | FJ3: 0 | FK3: 0 | FL3: 0 | FM3: 0 | FN3: 0 | FO3: 0 | FP3: 0 | FQ3: 0 | FR3: 0 | FS3: 0 | FT3: 0 | FU3: 0 | FV3: 0 | FW3: 0 | FX3: 0 | FY3: 0 | FZ3: 0 | GA3: 0 | GB3: 0 | GC3: 0 | GD3: 0 | GE3: 0 | GF3: 0 | GG3: 0 | GH3: 0 | GI3: 0 | GJ3: 0 | GK3: 0 | GL3: 0 | GM3: 0 | GN3: 0 | GO3: 0
A4: 60+ | B4: 0 | C4: 0 | D4: 0 | E4: 0 | F4: 0 | G4: 0 | H4: 0 | I4: 0 | J4: 0 | K4: 0 | L4: 0 | M4: 0 | N4: 0 | O4: 0 | P4: 0 | Q4: 0 | R4: 0 | S4: 0 | T4: 0 | U4: 0 | V4: 0 | W4: 0 | X4: 0 | Y4: 0 | Z4: 13320.67 | AA4: 1719.04 | AB4: 946.29 | AC4: 0 | AD4: 0 | AE4: 14091.35 | AF4: 8528.41 | AG4: 0 | AH4: 28135.22 | AI4: 8621.11 | AJ4: 7091.76 | AK4: 61754.26 | AL4: 22182.84 | AM4: 11266.98 | AN4: 5949.29 | AO4: 21609.35 | AP4: 22791.91 | AQ4: 10669.78 | AR4: 9783.52 | AS4: 18090.78 | AT4: 26659.45 | AU4: 9450.44 | AV4: 38124.1 | AW4: 26462.53 | AX4: 39732.31 | AY4: 24590.44 | AZ4: 22304.07 | BA4: 52143.83 | BB4: 85962.16 | BC4: 45246.08 | BD4: 55795.93 | BE4: 57909.28 | BF4: 39352.12 | BG4: 39652.39 | BH4: 67082.32 | BI4: 72868.83 | BJ4: 145385.65 | BK4: 134160.06 | BL4: 113630.48 | BM4: 169698.47 | BN4: 213393.02 | BO4: 158230.05 | BP4: 254781.45 | BQ4: 202848.71 | BR4: 210673.49 | BS4: 271796.45 | BT4: 261048.07 | BU4: 286048.07 | BV4: 263626.63 | BW4: 195705.26 | BX4: 263073.82 | BY4: 275187.57 | BZ4: 365922.43 | CA4: 265912.02 | CB4: 317977.34 | CC4: 203478.54 | CD4: 310495.44 | CE4: 347998.88 | CF4: 218816.06 | CG4: 304899.25 | CH4: 363142.75 | CI4: 328243.39 | CJ4: 490848.35 | CK4: 434662.63 | CL4: 480568 | CM4: 454241.32 | CN4: 557776.66 | CO4: 416020.36 | CP4: 703996.44 | CQ4: 613382.02 | CR4: 701853.06 | CS4: 774897.95 | CT4: 877411.86 | CU4: 750910.41 | CV4: 792805.12 | CW4: 1165715.5 | CX4: 1066458.9 | CY4: 1068536.7 | CZ4: 1207697.5 | DA4: 860308.78 | DB4: 1316391.8 | DC4: 1374179.4 | DD4: 1067835.8 | DE4: 1662941.4 | DF4: 1576929.4 | DG4: 1485074.6 | DH4: 2259389.2 | DI4: 1774047.8 | DJ4: 2172785.5 | DK4: 2518742.3 | DL4: 2308573.5 | DM4: 2084501.1 | DN4: 2153494.1 | DO4: 2538084.6 | DP4: 1932708.3 | DQ4: 2254014.4 | DR4: 2442607.1 | DS4: 2173598.1 | DT4: 2198228.4 | DU4: 2054994.4 | DV4: 2394251.1 | DW4: 1887182.4 | DX4: 2103125.7 | DY4: 2090602.4 | DZ4: 2163175.6 | EA4: 2175763.5 | EB4: 1807662.8 | EC4: 2492778.8 | ED4: 2320376.8 | EE4: 2448258.4 | EF4: 2619435.6 | EG4: 2912928 | EH4: 3298300.4 | EI4: 2536404.9 | EJ4: 3633958.5 | EK4: 1203672.5 | EL4: 547589.52 | EM4: 559097.28 | EN4: 214144.51 | EO4: 153631.36 | EP4: 0 | EQ4: 0 | ER4: 0 | ES4: 0 | ET4: 0 | EU4: 0 | EV4: 0 | EW4: 0 | EX4: 0 | EY4: 0 | EZ4: 0 | FA4: 0 | FB4: 0 | FC4: 0 | FD4: 0 | FE4: 0 | FF4: 0 | FG4: 0 | FH4: 0 | FI4: 0 | FJ4: 0 | FK4: 0 | FL4: 0 | FM4: 0 | FN4: 0 | FO4: 0 | FP4: 0 | FQ4: 0 | FR4: 0 | FS4: 0 | FT4: 0 | FU4: 0 | FV4: 0 | FW4: 0 | FX4: 0 | FY4: 0 | FZ4: 0 | GA4: 0 | GB4: 0 | GC4: 0 | GD4: 0 | GE4: 0 | GF4: 0 | GG4: 0 | GH4: 0 | GI4: 0 | GJ4: 0 | GK4: 0 | GL4: 0 | GM4: 0 | GN4: 0 | GO4: 0
A5: 90+ | B5: 0 | C5: 0 | D5: 0 | E5: 0 | F5: 0 | G5: 0 | H5: 0 | I5: 0 | J5: 0 | K5: 0 | L5: 0 | M5: 0 | N5: 0 | O5: 0 | P5: 0 | Q5: 0 | R5: 0 | S5: 0 | T5: 0 | U5: 0 | V5: 0 | W5: 0 | X5: 0 | Y5: 0 | Z5: 0 | AA5: 12832.83 | AB5: 1628.68 | AC5: 889.96 | AD5: 0 | AE5: 0 | AF5: 13577.21 | AG5: 8211.58 | AH5: 0 | AI5: 27145.83 | AJ5: 8302.02 | AK5: 6739.56 | AL5: 58639.11 | AM5: 21289.38 | AN5: 10755.63 | AO5: 5715.62 | AP5: 20721.23 | AQ5: 21987.9 | AR5: 10342.5 | AS5: 9177.54 | AT5: 17270.67 | AU5: 25405.85 | AV5: 8930.54 | AW5: 36312.78 | AX5: 25003.47 | AY5: 37773.15 | AZ5: 23933.62 | BA5: 21514.22 | BB5: 50413.71 | BC5: 82194.5 | BD5: 42970.71 | BE5: 52752.44 | BF5: 56009.33 | BG5: 37699.62 | BH5: 38099.15 | BI5: 63962.45 | BJ5: 69555.17 | BK5: 139959.38 | BL5: 128722.96 | BM5: 109163.55 | BN5: 163339.59 | BO5: 205797.86 | BP5: 151880.83 | BQ5: 244385.04 | BR5: 195473.39 | BS5: 202239.16 | BT5: 260617.62 | BU5: 250531.27 | BV5: 274369.85 | BW5: 252657.66 | BX5: 187045.02 | BY5: 251046.85 | BZ5: 262998.2 | CA5: 350563.25 | CB5: 252342.69 | CC5: 302990.01 | CD5: 192505.97 | CE5: 294620 | CF5: 332656.97 | CG5: 208256.56 | CH5: 291057.9 | CI5: 346505.17 | CJ5: 314264.9 | CK5: 469043.26 | CL5: 409530.85 | CM5: 459511.3 | CN5: 432496.39 | CO5: 527821.75 | CP5: 396624.3 | CQ5: 672919.73 | CR5: 584576.59 | CS5: 666210.2 | CT5: 738272.45 | CU5: 837090.7 | CV5: 714881 | CW5: 753644.61 | CX5: 1110955.6 | CY5: 1015164.3 | CZ5: 1020710.2 | DA5: 1150513.2 | DB5: 818201.01 | DC5: 1254721.1 | DD5: 1310046.5 | DE5: 1015988.5 | DF5: 1582579.9 | DG5: 1501672.6 | DH5: 1413792 | DI5: 2154278.2 | DJ5: 1678295.3 | DK5: 2065090.4 | DL5: 2391925 | DM5: 2190657.4 | DN5: 1986185.2 | DO5: 2044495.4 | DP5: 2406998.5 | DQ5: 1829547.9 | DR5: 2127240.1 | DS5: 2310544.4 | DT5: 2057074.8 | DU5: 2074547.2 | DV5: 1936288.2 | DW5: 2256433.1 | DX5: 1781004.7 | DY5: 1974306.1 | DZ5: 1969998.7 | EA5: 2046425 | EB5: 2051553 | EC5: 1708463.7 | ED5: 2355119.8 | EE5: 2198064.5 | EF5: 2333681.3 | EG5: 2485973.8 | EH5: 2768404.2 | EI5: 3141812.6 | EJ5: 2407723.4 | EK5: 3468453.6 | EL5: 1142914.6 | EM5: 512701.48 | EN5: 529351.1 | EO5: 200412.37 | EP5: 142113.93 | EQ5: 0 | ER5: 0 | ES5: 0 | ET5: 0 | EU5: 0 | EV5: 0 | EW5: 0 | EX5: 0 | EY5: 0 | EZ5: 0 | FA5: 0 | FB5: 0 | FC5: 0 | FD5: 0 | FE5: 0 | FF5: 0 | FG5: 0 | FH5: 0 | FI5: 0 | FJ5: 0 | FK5: 0 | FL5: 0 | FM5: 0 | FN5: 0 | FO5: 0 | FP5: 0 | FQ5: 0 | FR5: 0 | FS5: 0 | FT5: 0 | FU5: 0 | FV5: 0 | FW5: 0 | FX5: 0 | FY5: 0 | FZ5: 0 | GA5: 0 | GB5: 0 | GC5: 0 | GD5: 0 | GE5: 0 | GF5: 0 | GG5: 0 | GH5: 0 | GI5: 0 | GJ5: 0 | GK5: 0 | GL5: 0 | GM5: 0 | GN5: 0 | GO5: 0
A6: 120+ | B6: 0 | C6: 0 | D6: 0 | E6: 0 | F6: 0 | G6: 0 | H6: 0 | I6: 0 | J6: 0 | K6: 0 | L6: 0 | M6: 0 | N6: 0 | O6: 0 | P6: 0 | Q6: 0 | R6: 0 | S6: 0 | T6: 0 | U6: 0 | V6: 0 | W6: 0 | X6: 0 | Y6: 0 | Z6: 0 | AA6: 0 | AB6: 12341.36 | AC6: 1537.73 | AD6: 833.27 | AE6: 0 | AF6: 0 | AG6: 13059.28 | AH6: 7892.23 | AI6: 0 | AJ6: 26148.9 | AK6: 7980.89 | AL6: 6384.78 | AM6: 55500.93 | AN6: 20389.19 | AO6: 10240.62 | AP6: 5480.15 | AQ6: 19826.81 | AR6: 21178.24 | AS6: 10012.71 | AT6: 8793.08 | AU6: 16445.03 | AV6: 24142.94 | AW6: 8406.8 | AX6: 34489.7 | AY6: 23534.02 | AZ6: 35800.6 | BA6: 23272.92 | BB6: 20719.64 | BC6: 48672.94 | BD6: 78403.14 | BE6: 41105.6 | BF6: 49689.04 | BG6: 54097.56 | BH6: 36037.58 | BI6: 36536.61 | BJ6: 60821.91 | BK6: 66221.7 | BL6: 134500.2 | BM6: 123253.53 | BN6: 104668.82 | BO6: 156939.54 | BP6: 198314.81 | BQ6: 145490.14 | BR6: 233921.43 | BS6: 188048.87 | BT6: 193749.56 | BU6: 249367.71 | BV6: 239948.03 | BW6: 262614.68 | BX6: 241619.22 | BY6: 178328.96 | BZ6: 238939.85 | CA6: 250729.09 | CB6: 335101.32 | CC6: 238685.06 | CD6: 288184.46 | CE6: 181459.88 | CF6: 278638.66 | CG6: 317215.44 | CH6: 197779.3 | CI6: 277124.96 | CJ6: 329760.34 | CK6: 300193.74 | CL6: 447095.2 | CM6: 384678.57 | CN6: 438312.55 | CO6: 410604.77 | CP6: 497947.09 | CQ6: 377544.63 | CR6: 641795.17 | CS6: 555578.48 | CT6: 630560.07 | CU6: 701787.04 | CV6: 796502.11 | CW6: 678931.6 | CX6: 714226.8 | CY6: 1056151.2 | CZ6: 963889.18 | DA6: 972574.87 | DB6: 1094361.4 | DC6: 775824.21 | DD6: 1192667.6 | DE6: 1247448.1 | DF6: 963856.14 | DG6: 1502133.9 | DH6: 1426258.9 | DI6: 1342706.8 | DJ6: 2049560.8 | DK6: 1583310.6 | DL6: 1957622.4 | DM6: 2267087 | DN6: 2074347.2 | DO6: 1887280.5 | DP6: 1935586.8 | DQ6: 2276892.7 | DR6: 1725767.9 | DS6: 2000885.4 | DT6: 2179760.8 | DU6: 1941333.4 | DV6: 1952333.3 | DW6: 1819914.6 | DX6: 2121345.7 | DY6: 1674493.5 | DZ6: 1847006.5 | EA6: 1851731.7 | EB6: 1929957.3 | EC6: 1930270.9 | ED6: 1610430.9 | EE6: 2219626 | EF6: 2078949.9 | EG6: 2219692.9 | EH6: 2352567.1 | EI6: 2627674.9 | EJ6: 2987682.9 | EK6: 2281522.3 | EL6: 3305468.7 | EM6: 1085326.8 | EN6: 482716.72 | EO6: 500789.29 | EP6: 186926.91 | EQ6: 132033.66 | ER6: 0 | ES6: 0 | ET6: 0 | EU6: 0 | EV6: 0 | EW6: 0 | EX6: 0 | EY6: 0 | EZ6: 0 | FA6: 0 | FB6: 0 | FC6: 0 | FD6: 0 | FE6: 0 | FF6: 0 | FG6: 0 | FH6: 0 | FI6: 0 | FJ6: 0 | FK6: 0 | FL6: 0 | FM6: 0 | FN6: 0 | FO6: 0 | FP6: 0 | FQ6: 0 | FR6: 0 | FS6: 0 | FT6: 0 | FU6: 0 | FV6: 0 | FW6: 0 | FX6: 0 | FY6: 0 | FZ6: 0 | GA6: 0 | GB6: 0 | GC6: 0 | GD6: 0 | GE6: 0 | GF6: 0 | GG6: 0 | GH6: 0 | GI6: 0 | GJ6: 0 | GK6: 0 | GL6: 0 | GM6: 0 | GN6: 0 | GO6: 0
A7: 150+ | B7: 0 | C7: 0 | D7: 0 | E7: 0 | F7: 0 | G7: 0 | H7: 0 | I7: 0 | J7: 0 | K7: 0 | L7: 0 | M7: 0 | N7: 0 | O7: 0 | P7: 0 | Q7: 0 | R7: 0 | S7: 0 | T7: 0 | U7: 0 | V7: 0 | W7: 0 | X7: 0 | Y7: 0 | Z7: 0 | AA7: 0 | AB7: 0 | AC7: 11846.25 | AD7: 1446.19 | AE7: 776.21 | AF7: 0 | AG7: 0 | AH7: 12537.55 | AI7: 7570.37 | AJ7: 0 | AK7: 25144.38 | AL7: 7657.7 | AM7: 6027.41 | AN7: 52339.55 | AO7: 19482.22 | AP7: 9721.9 | AQ7: 5242.87 | AR7: 18926.05 | AS7: 20362.9 | AT7: 9680.39 | AU7: 8405.79 | AV7: 15613.8 | AW7: 22870.64 | AX7: 7879.17 | AY7: 32654.79 | AZ7: 22054.1 | BA7: 33814.55 | BB7: 22608.3 | BC7: 19920.29 | BD7: 46921.45 | BE7: 74587.91 | BF7: 39228.68 | BG7: 46605.58 | BH7: 52173.91 | BI7: 34365.95 | BJ7: 34964.7 | BK7: 57660.58 | BL7: 62868.3 | BM7: 129007.91 | BN7: 117751.58 | BO7: 100304.96 | BP7: 150498.07 | BQ7: 190785.92 | BR7: 139566.12 | BS7: 223390.2 | BT7: 180574.81 | BU7: 185204.33 | BV7: 238046.27 | BW7: 229297.9 | BX7: 250782.07 | BY7: 230510.88 | BZ7: 169930.06 | CA7: 226752.28 | CB7: 238379.71 | CC7: 319535.97 | CD7: 225422.72 | CE7: 273281.22 | CF7: 170339.77 | CG7: 262550.7 | CH7: 301863.01 | CI7: 187700.22 | CJ7: 263198.65 | CK7: 313272.54 | CL7: 286029.28 | CM7: 425003.2 | CN7: 359666.07 | CO7: 417129.54 | CP7: 388565.48 | CQ7: 468694.96 | CR7: 358338.59 | CS7: 611092.51 | CT7: 526386.41 | CU7: 594679.48 | CV7: 665060.81 | CW7: 755644.3 | CX7: 642745.45 | CY7: 675523.12 | CZ7: 1002562.3 | DA7: 912914.44 | DB7: 925628.14 | DC7: 1037847.3 | DD7: 733532.27 | DE7: 1130228.9 | DF7: 1184450.4 | DG7: 912157.46 | DH7: 1422107.7 | DI7: 1350375.8 | DJ7: 1272371.3 | DK7: 1946101.4 | DL7: 1489889.1 | DM7: 1851916 | DN7: 2142274.1 | DO7: 1959822.7 | DP7: 1787783.5 | DQ7: 1827490.2 | DR7: 2147010.7 | DS7: 1621673.5 | DT7: 1878987.2 | DU7: 2049329.8 | DV7: 1824902.7 | DW7: 1832949.9 | DX7: 1703515.3 | DY7: 1985911 | DZ7: 1570422.7 | EA7: 1721087.5 | EB7: 1734252.3 | EC7: 1814973.8 | ED7: 1810167.2 | EE7: 1513054.7 | EF7: 2085473.8 | EG7: 1962932 | EH7: 2106881 | EI7: 2226764.2 | EJ7: 2489038 | EK7: 2834441.1 | EL7: 2157946.7 | EM7: 3143513.5 | EN7: 1031106.1 | EO7: 456143.8 | EP7: 473037.33 | EQ7: 173516.67 | ER7: 122072.93 | ES7: 0 | ET7: 0 | EU7: 0 | EV7: 0 | EW7: 0 | EX7: 0 | EY7: 0 | EZ7: 0 | FA7: 0 | FB7: 0 | FC7: 0 | FD7: 0 | FE7: 0 | FF7: 0 | FG7: 0 | FH7: 0 | FI7: 0 | FJ7: 0 | FK7: 0 | FL7: 0 | FM7: 0 | FN7: 0 | FO7: 0 | FP7: 0 | FQ7: 0 | FR7: 0 | FS7: 0 | FT7: 0 | FU7: 0 | FV7: 0 | FW7: 0 | FX7: 0 | FY7: 0 | FZ7: 0 | GA7: 0 | GB7: 0 | GC7: 0 | GD7: 0 | GE7: 0 | GF7: 0 | GG7: 0 | GH7: 0 | GI7: 0 | GJ7: 0 | GK7: 0 | GL7: 0 | GM7: 0 | GN7: 0 | GO7: 0
A8: 180+ | B8: 0 | C8: 0 | D8: 0 | E8: 0 | F8: 0 | G8: 0 | H8: 0 | I8: 0 | J8: 0 | K8: 0 | L8: 0 | M8: 0 | N8: 0 | O8: 0 | P8: 0 | Q8: 0 | R8: 0 | S8: 0 | T8: 0 | U8: 0 | V8: 0 | W8: 0 | X8: 0 | Y8: 0 | Z8: 0 | AA8: 0 | AB8: 0 | AC8: 0 | AD8: 11347.47 | AE8: 1354.06 | AF8: 718.78 | AG8: 0 | AH8: 0 | AI8: 12011.98 | AJ8: 7245.95 | AK8: 0 | AL8: 24132.19 | AM8: 7332.44 | AN8: 5667.41 | AO8: 49154.8 | AP8: 18568.41 | AQ8: 9199.46 | AR8: 5003.75 | AS8: 18018.91 | AT8: 19541.83 | AU8: 9345.52 | AV8: 8015.64 | AW8: 14776.96 | AX8: 21588.88 | AY8: 7347.63 | AZ8: 30807.95 | BA8: 20563.65 | BB8: 31814.91 | BC8: 21939.75 | BD8: 19116.14 | BE8: 45159.16 | BF8: 70748.66 | BG8: 37339.88 | BH8: 43869.88 | BI8: 50238.3 | BJ8: 32684.69 | BK8: 33383.36 | BL8: 54478.3 | BM8: 59494.83 | BN8: 123482.31 | BO8: 112216.92 | BP8: 95914.13 | BQ8: 144014.9 | BR8: 183210.89 | BS8: 133603.53 | BT8: 212790.91 | BU8: 173267.47 | BV8: 176603.09 | BW8: 226652.84 | BX8: 218580.46 | BY8: 239308.39 | BZ8: 219863.96 | CA8: 161476.94 | CB8: 214483.6 | CC8: 225949.53 | CD8: 303866.47 | CE8: 212073.7 | CF8: 258279.63 | CG8: 159439.79 | CH8: 246355.41 | CI8: 286499.91 | CJ8: 177555.27 | CK8: 249179.99 | CL8: 297046.34 | CM8: 271770.89 | CN8: 402766.32 | CO8: 334874.96 | CP8: 395803.71 | CQ8: 366438.9 | CR8: 439740.59 | CS8: 339196.18 | CT8: 580188.34 | CU8: 497630.41 | CV8: 558629.25 | CW8: 628469.49 | CX8: 714734.48 | CY8: 606787.7 | CZ8: 636565.11 | DA8: 949210.59 | DB8: 862795.23 | DC8: 878697.12 | DD8: 981730.66 | DE8: 692402.51 | DF8: 1068769.7 | DG8: 1121050.8 | DH8: 860508.06 | DI8: 1341572.3 | DJ8: 1274890.5 | DK8: 1201921.8 | DL8: 1842886.3 | DM8: 1397878.9 | DN8: 1747346.4 | DO8: 2018952.9 | DP8: 1844985.5 | DQ8: 1688962.9 | DR8: 1719958.6 | DS8: 2016852 | DT8: 1521254.8 | DU8: 1759779.9 | DV8: 1918863.8 | DW8: 1708653.3 | DX8: 1713260.1 | DY8: 1589183.4 | DZ8: 1853742 | EA8: 1467740.9 | EB8: 1597725 | EC8: 1621239.2 | ED8: 1701117.5 | EE8: 1692504.1 | EF8: 1416698.6 | EG8: 1953196.7 | EH8: 1847808.8 | EI8: 1997252.4 | EJ8: 2103242.4 | EK8: 2350779.2 | EL8: 2686422.5 | EM8: 2040760.7 | EN8: 2988225.6 | EO8: 980221 | EP8: 429409.66 | EQ8: 445840.29 | ER8: 160847.01 | ES8: 112442.96 | ET8: 0 | EU8: 0 | EV8: 0 | EW8: 0 | EX8: 0 | EY8: 0 | EZ8: 0 | FA8: 0 | FB8: 0 | FC8: 0 | FD8: 0 | FE8: 0 | FF8: 0 | FG8: 0 | FH8: 0 | FI8: 0 | FJ8: 0 | FK8: 0 | FL8: 0 | FM8: 0 | FN8: 0 | FO8: 0 | FP8: 0 | FQ8: 0 | FR8: 0 | FS8: 0 | FT8: 0 | FU8: 0 | FV8: 0 | FW8: 0 | FX8: 0 | FY8: 0 | FZ8: 0 | GA8: 0 | GB8: 0 | GC8: 0 | GD8: 0 | GE8: 0 | GF8: 0 | GG8: 0 | GH8: 0 | GI8: 0 | GJ8: 0 | GK8: 0 | GL8: 0 | GM8: 0 | GN8: 0 | GO8: 0
A9: GCO | B9: 0 | C9: 0 | D9: 0 | E9: 0 | F9: 0 | G9: 0 | H9: 0 | I9: 0 | J9: 0 | K9: 0 | L9: 0 | M9: 0 | N9: 0 | O9: 0 | P9: 0 | Q9: 0 | R9: 0 | S9: 0 | T9: 0 | U9: 0 | V9: 0 | W9: 0 | X9: 0 | Y9: 0 | Z9: 0 | AA9: 0 | AB9: 0 | AC9: 0 | AD9: 0 | AE9: 10844.98 | AF9: 1261.34 | AG9: 660.98 | AH9: 0 | AI9: 0 | AJ9: 11482.55 | AK9: 6918.97 | AL9: 0 | AM9: 23112.29 | AN9: 7005.1 | AO9: 5304.78 | AP9: 45946.5 | AQ9: 17647.71 | AR9: 8673.27 | AS9: 4762.79 | AT9: 17105.33 | AU9: 18714.99 | AV9: 9008.09 | AW9: 7622.6 | AX9: 13934.47 | AY9: 20297.6 | AZ9: 6812.14 | BA9: 28949.12 | BB9: 19062.57 | BC9: 29801.59 | BD9: 21267.25 | BE9: 18307.17 | BF9: 43386.02 | BG9: 66885.25 | BH9: 35439.12 | BI9: 41116.75 | BJ9: 48290.65 | BK9: 30993.72 | BL9: 31792.55 | BM9: 51274.95 | BN9: 56101.19 | BO9: 117923.2 | BP9: 106649.33 | BQ9: 91496.15 | BR9: 137489.76 | BS9: 175589.45 | BT9: 127602.1 | BU9: 202123.09 | BV9: 165911.22 | BW9: 167945.47 | BX9: 215373.62 | BY9: 207795.28 | BZ9: 227759.05 | CA9: 209703.08 | CB9: 152969.26 | CC9: 202287.43 | CD9: 213859.21 | CE9: 288092.14 | CF9: 198637.42 | CG9: 243179.02 | CH9: 149083.81 | CI9: 230052.06 | CJ9: 271037.21 | CK9: 167344 | CL9: 235194.37 | CM9: 280949.27 | CN9: 257417.95 | CO9: 380383.57 | CP9: 312245.51 | CQ9: 374379.72 | CR9: 344162.96 | CS9: 411049.88 | CT9: 320398.01 | CU9: 549246.37 | CV9: 468852.71 | CW9: 522771.43 | CX9: 592041.72 | CY9: 673876.41 | CZ9: 571049.55 | DA9: 598415.25 | DB9: 895510.72 | DC9: 814298.58 | DD9: 832548.54 | DE9: 926725.14 | DF9: 651387.23 | DG9: 1007944.7 | DH9: 1058373.3 | DI9: 808534.33 | DJ9: 1261265 | DK9: 1200275.7 | DL9: 1132437.6 | DM9: 1740864.5 | DN9: 1307167.1 | DO9: 1643128.8 | DP9: 1896809.2 | DQ9: 1731624.5 | DR9: 1592681.8 | DS9: 1612339.7 | DT9: 1888311.8 | DU9: 1422513.9 | DV9: 1640382.2 | DW9: 1790982 | DX9: 1594160.3 | DY9: 1593590.9 | DZ9: 1477115 | EA9: 1725067.1 | EB9: 1367697.6 | EC9: 1479878.3 | ED9: 1510497.8 | EE9: 1590639.6 | EF9: 1576126.8 | EG9: 1321797.3 | EH9: 1824013.7 | EI9: 1736698 | EJ9: 1889358.9 | EK9: 1983230.2 | EL9: 2215922.7 | EM9: 2542491.5 | EN9: 1928744.1 | EO9: 2838176.8 | EP9: 930035.98 | EQ9: 404346.98 | ER9: 419475.03 | ES9: 148103.06 | ET9: 103018.37 | EU9: 0 | EV9: 0 | EW9: 0 | EX9: 0 | EY9: 0 | EZ9: 0 | FA9: 0 | FB9: 0 | FC9: 0 | FD9: 0 | FE9: 0 | FF9: 0 | FG9: 0 | FH9: 0 | FI9: 0 | FJ9: 0 | FK9: 0 | FL9: 0 | FM9: 0 | FN9: 0 | FO9: 0 | FP9: 0 | FQ9: 0 | FR9: 0 | FS9: 0 | FT9: 0 | FU9: 0 | FV9: 0 | FW9: 0 | FX9: 0 | FY9: 0 | FZ9: 0 | GA9: 0 | GB9: 0 | GC9: 0 | GD9: 0 | GE9: 0 | GF9: 0 | GG9: 0 | GH9: 0 | GI9: 0 | GJ9: 0 | GK9: 0 | GL9: 0 | GM9: 0 | GN9: 0 | GO9: 0
A11: Grade A - Flow Rates
A12: FR 30 | D12: 0 | E12: 0 | F12: 0 | G12: 0 | H12: 0 | I12: 0 | J12: 0 | K12: 0 | L12: 0 | M12: 0 | N12: 0 | O12: 0 | P12: 0 | Q12: 0 | R12: 0 | S12: 0 | T12: 0 | U12: 0 | V12: 0 | W12: 0 | X12: 0 | Y12: 0.00418 | Z12: 0.000493 | AA12: 0.000238 | AB12: 0 | AC12: 0 | AD12: 0.002401 | AE12: 0.001308 | AF12: 0 | AG12: 0.003514 | AH12: 0.000994 | AI12: 0.000772 | AJ12: 0.006226 | AK12: 0.002078 | AL12: 0.00096 | AM12: 0.000455 | AN12: 0.001489 | AO12: 0.00148 | AP12: 0.000639 | AQ12: 0.00054 | AR12: 0.000895 | AS12: 0.001163 | AT12: 0.000377 | AU12: 0.00142 | AV12: 0.000943 | AW12: 0.00134 | AX12: 0.000767 | AY12: 0.000658 | AZ12: 0.001442 | BA12: 0.002207 | BB12: 0.001055 | BC12: 0.001178 | BD12: 0.001109 | BE12: 0.000727 | BF12: 0.00067 | BG12: 0.001037 | BH12: 0.001029 | BI12: 0.001894 | BJ12: 0.001635 | BK12: 0.001322 | BL12: 0.001871 | BM12: 0.002176 | BN12: 0.001516 | BO12: 0.002306 | BP12: 0.001752 | BQ12: 0.001676 | BR12: 0.002013 | BS12: 0.001779 | BT12: 0.00177 | BU12: 0.001508 | BV12: 0.001072 | BW12: 0.001378 | BX12: 0.001363 | BY12: 0.001723 | BZ12: 0.001212 | CA12: 0.001358 | CB12: 0.00079 | CC12: 0.001101 | CD12: 0.001141 | CE12: 0.000679 | CF12: 0.000903 | CG12: 0.001009 | CH12: 0.000861 | CI12: 0.001246 | CJ12: 0.001034 | CK12: 0.001073 | CL12: 0.001 | CM12: 0.001064 | CN12: 0.000748 | CO12: 0.001258 | CP12: 0.000996 | CQ12: 0.001088 | CR12: 0.001148 | CS12: 0.00121 | CT12: 0.000978 | CU12: 0.000994 | CV12: 0.001345 | CW12: 0.001178 | CX12: 0.001146 | CY12: 0.001201 | CZ12: 0.000824 | DA12: 0.001196 | DB12: 0.00121 | DC12: 0.000908 | DD12: 0.001306 | DE12: 0.001233 | DF12: 0.001177 | DG12: 0.001805 | DH12: 0.001472 | DI12: 0.001857 | DJ12: 0.002246 | DK12: 0.002134 | DL12: 0.001996 | DM12: 0.00215 | DN12: 0.00264 | DO12: 0.00211 | DP12: 0.002554 | DQ12: 0.002914 | DR12: 0.002698 | DS12: 0.002853 | DT12: 0.002812 | DU12: 0.003442 | DV12: 0.002869 | DW12: 0.003374 | DX12: 0.003502 | DY12: 0.003821 | DZ12: 0.004071 | EA12: 0.003644 | EB12: 0.005401 | EC12: 0.005508 | ED12: 0.006278 | EE12: 0.007441 | EF12: 0.009251 | EG12: 0.011967 | EH12: 0.010883 | EI12: 0.018238 | EJ12: 0.007607 | EK12: 0.004519 | EL12: 0.006337 | EM12: 0.004123 | EN12: 0.009895 | EO12: 0 | EP12: 0 | EQ12: 0 | ER12: 0 | ES12: 0 | ET12: 0 | EU12: 0 | EV12: 0 | EW12: 0 | EX12: 0 | EY12: 0 | EZ12: 0 | FA12: 0 | FB12: 0 | FC12: 0 | FD12: 0 | FE12: 0 | FF12: 0 | FG12: 0 | FH12: 0 | FI12: 0 | FJ12: 0 | FK12: 0 | FL12: 0 | FM12: 0 | FN12: 0 | FO12: 0 | FP12: 0 | FQ12: 0 | FR12: 0 | FS12: 0 | FT12: 0 | FU12: 0 | FV12: 0 | FW12: 0 | FX12: 0 | FY12: 0 | FZ12: 0 | GA12: 0 | GB12: 0 | GC12: 0 | GD12: 0 | GE12: 0 | GF12: 0 | GG12: 0 | GH12: 0 | GI12: 0 | GJ12: 0 | GK12: 0 | GL12: 0 | GM12: 0 | GN12: 0 | GO12: 0
A13: FR 60 | Z13: 0.964922 | AA13: 0.950362 | AB13: 0.944157 | AE13: 0.965046 | AF13: 0.964451 | AH13: 0.966277 | AI13: 0.964527 | AJ13: 0.953015 | AK13: 0.952314 | AL13: 0.961561 | AM13: 0.956882 | AN13: 0.962487 | AO13: 0.960791 | AP13: 0.966156 | AQ13: 0.970459 | AR13: 0.942063 | AS13: 0.956911 | AT13: 0.955406 | AU13: 0.94822 | AV13: 0.954923 | AW13: 0.943077 | AX13: 0.953312 | AY13: 0.974133 | AZ13: 0.965996 | BA13: 0.968076 | BB13: 0.958263 | BC13: 0.952418 | BD13: 0.948594 | BE13: 0.968423 | BF13: 0.95918 | BG13: 0.962521 | BH13: 0.955838 | BI13: 0.954022 | BJ13: 0.964229 | BK13: 0.959964 | BL13: 0.962401 | BM13: 0.964106 | BN13: 0.965834 | BO13: 0.961662 | BP13: 0.960638 | BQ13: 0.965141 | BR13: 0.961747 | BS13: 0.960578 | BT13: 0.961507 | BU13: 0.961022 | BV13: 0.960295 | BW13: 0.957884 | BX13: 0.956558 | BY13: 0.957582 | BZ13: 0.959974 | CA13: 0.951103 | CB13: 0.95527 | CC13: 0.947802 | CD13: 0.951664 | CE13: 0.956842 | CF13: 0.954248 | CG13: 0.954514 | CH13: 0.95646 | CI13: 0.959412 | CJ13: 0.957732 | CK13: 0.945209 | CL13: 0.958293 | CM13: 0.954608 | CN13: 0.949354 | CO13: 0.95508 | CP13: 0.955826 | CQ13: 0.954726 | CR13: 0.951966 | CS13: 0.955151 | CT13: 0.956341 | CU13: 0.953951 | CV13: 0.95255 | CW13: 0.955126 | CX13: 0.954393 | CY13: 0.957422 | CZ13: 0.955067 | DA13: 0.952689 | DB13: 0.955512 | DC13: 0.955248 | DD13: 0.953864 | DE13: 0.95418 | DF13: 0.954719 | DG13: 0.954292 | DH13: 0.95559 | DI13: 0.949008 | DJ13: 0.952877 | DK13: 0.951028 | DL13: 0.951313 | DM13: 0.955033 | DN13: 0.951838 | DO13: 0.950991 | DP13: 0.948749 | DQ13: 0.946846 | DR13: 0.948617 | DS13: 0.94838 | DT13: 0.947034 | DU13: 0.945528 | DV13: 0.94429 | DW13: 0.946456 | DX13: 0.942164 | DY13: 0.945203 | DZ13: 0.948585 | EA13: 0.945321 | EB13: 0.947228 | EC13: 0.946897 | ED13: 0.949118 | EE13: 0.954377 | EF13: 0.950418 | EG13: 0.952055 | EH13: 0.953449 | EI13: 0.950743 | EJ13: 0.95618 | EK13: 0.951575 | EL13: 0.936943 | EM13: 0.945799 | EN13: 0.93956 | EO13: 0.924167
A14: FR 90 | AA14: 0.963377 | AB14: 0.947432 | AF14: 0.963513 | AG14: 0.962849 | AI14: 0.964835 | AJ14: 0.962987 | AK14: 0.950337 | AL14: 0.949556 | AM14: 0.959723 | AN14: 0.954616 | AO14: 0.960724 | AP14: 0.958901 | AQ14: 0.964724 | AR14: 0.969326 | AS14: 0.938061 | AT14: 0.954667 | AU14: 0.952977 | AV14: 0.944987 | AW14: 0.952489 | AX14: 0.944863 | AY14: 0.950691 | AZ14: 0.97329 | BA14: 0.964587 | BB14: 0.96682 | BC14: 0.956171 | BD14: 0.949711 | BE14: 0.945453 | BF14: 0.967191 | BG14: 0.958007 | BH14: 0.960829 | BI14: 0.953492 | BJ14: 0.954526 | BK14: 0.962677 | BL14: 0.959473 | BM14: 0.960689 | BN14: 0.962528 | BO14: 0.964408 | BP14: 0.959873 | BQ14: 0.959195 | BR14: 0.963641 | BS14: 0.959965 | BT14: 0.958871 | BU14: 0.959713 | BV14: 0.959174 | BW14: 0.958392 | BX14: 0.955749 | BY14: 0.954283 | BZ14: 0.955705 | CA14: 0.958026 | CB14: 0.948971 | CC14: 0.952867 | CD14: 0.946075 | CE14: 0.948871 | CF14: 0.955914 | CG14: 0.951743 | CH14: 0.954604 | CI14: 0.954184 | CJ14: 0.957414 | CK14: 0.955577 | CL14: 0.942181 | CM14: 0.956184 | CN14: 0.952129 | CO14: 0.946296 | CP14: 0.953377 | CQ14: 0.955857 | CR14: 0.953038 | CS14: 0.949216 | CT14: 0.952735 | CU14: 0.954045 | CV14: 0.952019 | CW14: 0.950605 | CX14: 0.953025 | CY14: 0.951902 | CZ14: 0.955241 | DA14: 0.95265 | DB14: 0.951055 | DC14: 0.953152 | DD14: 0.95333 | DE14: 0.951446 | DF14: 0.951675 | DG14: 0.952276 | DH14: 0.952001 | DI14: 0.953478 | DJ14: 0.946026 | DK14: 0.950435 | DL14: 0.949651 | DM14: 0.948923 | DN14: 0.952835 | DO14: 0.949385 | DP14: 0.948352 | DQ14: 0.946624 | DR14: 0.943756 | DS14: 0.945934 | DT14: 0.946392 | DU14: 0.943736 | DV14: 0.942235 | DW14: 0.942438 | DX14: 0.943737 | DY14: 0.938749 | DZ14: 0.942311 | EA14: 0.946028 | EB14: 0.942912 | EC14: 0.945123 | ED14: 0.944777 | EE14: 0.947288 | EF14: 0.953201 | EG14: 0.949049 | EH14: 0.950385 | EI14: 0.952555 | EJ14: 0.949266 | EK14: 0.954456 | EL14: 0.949523 | EM14: 0.936288 | EN14: 0.946796 | EO14: 0.935874 | EP14: 0.925032
A15: FR 120 | AB15: 0.961703 | AC15: 0.944157 | AG15: 0.961853 | AH15: 0.961111 | AJ15: 0.963275 | AK15: 0.961319 | AL15: 0.947359 | AM15: 0.946483 | AN15: 0.957716 | AO15: 0.952117 | AP15: 0.958803 | AQ15: 0.956836 | AR15: 0.963177 | AS15: 0.968113 | AT15: 0.958109 | AU15: 0.952194 | AV15: 0.95029 | AW15: 0.941353 | AX15: 0.949795 | AY15: 0.94123 | AZ15: 0.947779 | BA15: 0.972394 | BB15: 0.963067 | BC15: 0.96547 | BD15: 0.953873 | BE15: 0.956596 | BF15: 0.941929 | BG15: 0.965867 | BH15: 0.955914 | BI15: 0.958987 | BJ15: 0.9509 | BK15: 0.952074 | BL15: 0.960995 | BM15: 0.95751 | BN15: 0.958826 | BO15: 0.960818 | BP15: 0.963639 | BQ15: 0.957923 | BR15: 0.957184 | BS15: 0.962018 | BT15: 0.958022 | BU15: 0.956834 | BV15: 0.957757 | BW15: 0.957156 | BX15: 0.956311 | BY15: 0.953401 | BZ15: 0.951774 | CA15: 0.953349 | CB15: 0.955894 | CC15: 0.945877 | CD15: 0.951135 | CE15: 0.942619 | CF15: 0.945756 | CG15: 0.953581 | CH15: 0.949691 | CI15: 0.95213 | CJ15: 0.951675 | CK15: 0.955225 | CL15: 0.953207 | CM15: 0.939315 | CN15: 0.953867 | CO15: 0.949383 | CP15: 0.9434 | CQ15: 0.951895 | CR15: 0.953747 | CS15: 0.950395 | CT15: 0.946488 | CU15: 0.95058 | CV15: 0.951512 | CW15: 0.949713 | CX15: 0.947697 | CY15: 0.950669 | CZ15: 0.949491 | DA15: 0.952841 | DB15: 0.951194 | DC15: 0.948207 | DD15: 0.950544 | DE15: 0.952217 | DF15: 0.948688 | DG15: 0.949168 | DH15: 0.94978 | DI15: 0.94972 | DJ15: 0.951391 | DK15: 0.943404 | DL15: 0.94796 | DM15: 0.947809 | DN15: 0.946906 | DO15: 0.950204 | DP15: 0.946731 | DQ15: 0.945947 | DR15: 0.943276 | DS15: 0.940602 | DT15: 0.943397 | DU15: 0.943735 | DV15: 0.941089 | DW15: 0.939899 | DX15: 0.940132 | DY15: 0.940196 | DZ15: 0.935522 | EA15: 0.939966 | EB15: 0.943087 | EC15: 0.940883 | ED15: 0.942619 | EE15: 0.942468 | EF15: 0.945809 | EG15: 0.951155 | EH15: 0.946336 | EI15: 0.949166 | EJ15: 0.950942 | EK15: 0.947585 | EL15: 0.953009 | EM15: 0.949613 | EN15: 0.941516 | EO15: 0.946044 | EP15: 0.932711 | EQ15: 0.929069
A16: FR 150 | AC16: 0.959882 | AD16: 0.940472 | AH16: 0.960049 | AI16: 0.959217 | AK16: 0.961584 | AL16: 0.959505 | AM16: 0.944027 | AN16: 0.943039 | AO16: 0.955517 | AP16: 0.949347 | AQ16: 0.956701 | AR16: 0.954569 | AS16: 0.961501 | AT16: 0.96681 | AU16: 0.955955 | AV16: 0.949454 | AW16: 0.947301 | AX16: 0.937238 | AY16: 0.946798 | AZ16: 0.937116 | BA16: 0.944525 | BB16: 0.971443 | BC16: 0.961421 | BD16: 0.964015 | BE16: 0.951338 | BF16: 0.954339 | BG16: 0.937945 | BH16: 0.964441 | BI16: 0.953614 | BJ16: 0.956977 | BK16: 0.948023 | BL16: 0.949361 | BM16: 0.959165 | BN16: 0.955361 | BO16: 0.958308 | BP16: 0.958956 | BQ16: 0.962036 | BR16: 0.959282 | BS16: 0.95498 | BT16: 0.960255 | BU16: 0.955895 | BV16: 0.954599 | BW16: 0.955615 | BX16: 0.954943 | BY16: 0.954025 | BZ16: 0.952902 | CA16: 0.948993 | CB16: 0.950746 | CC16: 0.95355 | CD16: 0.944436 | CE16: 0.948286 | CF16: 0.938719 | CG16: 0.942262 | CH16: 0.951603 | CI16: 0.949039 | CJ16: 0.949747 | CK16: 0.950001 | CL16: 0.952816 | CM16: 0.950588 | CN16: 0.934978 | CO16: 0.951671 | CP16: 0.946325 | CQ16: 0.941255 | CR16: 0.949129 | CS16: 0.952161 | CT16: 0.947456 | CU16: 0.943097 | CV16: 0.947668 | CW16: 0.948703 | CX16: 0.946701 | CY16: 0.94581 | CZ16: 0.94926 | DA16: 0.947116 | DB16: 0.951729 | DC16: 0.948359 | DD16: 0.945488 | DE16: 0.947648 | DF16: 0.949499 | DG16: 0.946363 | DH16: 0.946725 | DI16: 0.946796 | DJ16: 0.947617 | DK16: 0.949521 | DL16: 0.940996 | DM16: 0.946003 | DN16: 0.944946 | DO16: 0.94479 | DP16: 0.94728 | DQ16: 0.944153 | DR16: 0.942956 | DS16: 0.939682 | DT16: 0.939078 | DU16: 0.940163 | DV16: 0.940025 | DW16: 0.938851 | DX16: 0.936041 | DY16: 0.936156 | DZ16: 0.937849 | EA16: 0.931825 | EB16: 0.936557 | EC16: 0.940422 | ED16: 0.937779 | EE16: 0.939534 | EF16: 0.939561 | EG16: 0.944194 | EH16: 0.949177 | EI16: 0.946525 | EJ16: 0.94724 | EK16: 0.948709 | EL16: 0.945836 | EM16: 0.951004 | EN16: 0.950042 | EO16: 0.944951 | EP16: 0.944584 | EQ16: 0.928259 | ER16: 0.924559
A17: FR 180 | AD17: 0.957895 | AE17: 0.936295 | AI17: 0.958081 | AJ17: 0.957147 | AL17: 0.959745 | AM17: 0.957525 | AN17: 0.940274 | AO17: 0.939152 | AP17: 0.953095 | AQ17: 0.946262 | AR17: 0.954392 | AS17: 0.952069 | AT17: 0.959678 | AU17: 0.965408 | AV17: 0.953585 | AW17: 0.946404 | AX17: 0.943956 | AY17: 0.932538 | AZ17: 0.943444 | BA17: 0.932418 | BB17: 0.940865 | BC17: 0.970429 | BD17: 0.959632 | BE17: 0.962442 | BF17: 0.948527 | BG17: 0.951852 | BH17: 0.941301 | BI17: 0.962901 | BJ17: 0.951078 | BK17: 0.954773 | BL17: 0.94481 | BM17: 0.946341 | BN17: 0.957169 | BO17: 0.952997 | BP17: 0.956225 | BQ17: 0.956922 | BR17: 0.960296 | BS17: 0.957278 | BT17: 0.952553 | BU17: 0.959533 | BV17: 0.953558 | BW17: 0.952138 | BX17: 0.95326 | BY17: 0.954248 | BZ17: 0.953812 | CA17: 0.950255 | CB17: 0.945894 | CC17: 0.947856 | CD17: 0.950962 | CE17: 0.940782 | CF17: 0.945106 | CG17: 0.93601 | CH17: 0.938316 | CI17: 0.949106 | CJ17: 0.945951 | CK17: 0.946737 | CL17: 0.948204 | CM17: 0.950151 | CN17: 0.947678 | CO17: 0.931072 | CP17: 0.948875 | CQ17: 0.943056 | CR17: 0.938223 | CS17: 0.94658 | CT17: 0.949428 | CU17: 0.945371 | CV17: 0.939379 | CW17: 0.94498 | CX17: 0.945861 | CY17: 0.944056 | CZ17: 0.942329 | DA17: 0.946785 | DB17: 0.9451 | DC17: 0.949298 | DD17: 0.94593 | DE17: 0.943929 | DF17: 0.945622 | DG17: 0.946473 | DH17: 0.943377 | DI17: 0.943369 | DJ17: 0.944101 | DK17: 0.944631 | DL17: 0.946963 | DM17: 0.938244 | DN17: 0.943534 | DO17: 0.942434 | DP17: 0.941404 | DQ17: 0.944724 | DR17: 0.941159 | DS17: 0.939377 | DT17: 0.938077 | DU17: 0.936558 | DV17: 0.936337 | DW17: 0.936298 | DX17: 0.934701 | DY17: 0.932885 | DZ17: 0.933447 | EA17: 0.934615 | EB17: 0.928323 | EC17: 0.934835 | ED17: 0.937268 | EE17: 0.934999 | EF17: 0.936317 | EG17: 0.936572 | EH17: 0.941351 | EI17: 0.947966 | EJ17: 0.944529 | EK17: 0.944453 | EL17: 0.947779 | EM17: 0.945696 | EN17: 0.950601 | EO17: 0.95065 | EP17: 0.941391 | EQ17: 0.942505 | ER17: 0.926983 | ES17: 0.921113
A18: FR GCO | AE18: 0.955718 | AF18: 0.931522 | AJ18: 0.955925 | AK18: 0.954874 | AM18: 0.957737 | AN18: 0.955357 | AO18: 0.936014 | AP18: 0.934731 | AQ18: 0.950416 | AR18: 0.942802 | AS18: 0.951843 | AT18: 0.949299 | AU18: 0.957689 | AV18: 0.963894 | AW18: 0.950967 | AX18: 0.942986 | AY18: 0.940187 | AZ18: 0.927122 | BA18: 0.939664 | BB18: 0.927004 | BC18: 0.936718 | BD18: 0.969348 | BE18: 0.957681 | BF18: 0.960736 | BG18: 0.945392 | BH18: 0.949096 | BI18: 0.937243 | BJ18: 0.961232 | BK18: 0.948264 | BL18: 0.952347 | BM18: 0.941199 | BN18: 0.942959 | BO18: 0.95498 | BP18: 0.950385 | BQ18: 0.953938 | BR18: 0.954691 | BS18: 0.958401 | BT18: 0.95508 | BU18: 0.949867 | BV18: 0.957544 | BW18: 0.950977 | BX18: 0.950236 | BY18: 0.950658 | BZ18: 0.951739 | CA18: 0.953786 | CB18: 0.947313 | CC18: 0.943137 | CD18: 0.946491 | CE18: 0.948088 | CF18: 0.936643 | CG18: 0.941534 | CH18: 0.935048 | CI18: 0.933822 | CJ18: 0.946029 | CK18: 0.94249 | CL18: 0.943873 | CM18: 0.94581 | CN18: 0.947187 | CO18: 0.944427 | CP18: 0.932424 | CQ18: 0.945872 | CR18: 0.93921 | CS18: 0.934755 | CT18: 0.94458 | CU18: 0.946669 | CV18: 0.942171 | CW18: 0.935811 | CX18: 0.942037 | CY18: 0.942835 | CZ18: 0.941103 | DA18: 0.940069 | DB18: 0.943427 | DC18: 0.943791 | DD18: 0.947481 | DE18: 0.943971 | DF18: 0.940764 | DG18: 0.943089 | DH18: 0.94409 | DI18: 0.939601 | DJ18: 0.940139 | DK18: 0.941474 | DL18: 0.942189 | DM18: 0.94464 | DN18: 0.935108 | DO18: 0.940357 | DP18: 0.939501 | DQ18: 0.938557 | DR18: 0.942994 | DS18: 0.937429 | DT18: 0.936267 | DU18: 0.935092 | DV18: 0.932152 | DW18: 0.933355 | DX18: 0.932992 | DY18: 0.930151 | DZ18: 0.929481 | EA18: 0.930586 | EB18: 0.931839 | EC18: 0.926241 | ED18: 0.931693 | EE18: 0.935056 | EF18: 0.93124 | EG18: 0.933012 | EH18: 0.933861 | EI18: 0.939869 | EJ18: 0.945979 | EK18: 0.942939 | EL18: 0.942633 | EM18: 0.946423 | EN18: 0.94511 | EO18: 0.949787 | EP18: 0.948802 | EQ18: 0.941635 | ER18: 0.940864 | ES18: 0.92077 | ET18: 0.916183
A20: Grade A - FTR Diagonal
A21: FTR | Y21: 0.00328388 | Z21: 0.00034386 | AD21: 0.00188825 | AE21: 0.00102307 | AG21: 0.00278924 | AH21: 0.00077916 | AI21: 0.00055026 | AJ21: 0.00441165 | AK21: 0.00158999 | AL21: 0.00070696 | AM21: 0.00035089 | AN21: 0.00113276 | AO21: 0.00117407 | AP21: 0.00052388 | AQ21: 0.00039657 | AR21: 0.00065951 | AS21: 0.0008463 | AT21: 0.00025745 | AU21: 0.00102949 | AV21: 0.00064059 | AW21: 0.00095824 | AX21: 0.00064627 | AY21: 0.00052169 | AZ21: 0.00116187 | BA21: 0.00164559 | BB21: 0.00078693 | BC21: 0.00082327 | BD21: 0.00089587 | BE21: 0.000549 | BF21: 0.00051674 | BG21: 0.00075778 | BH21: 0.00075595 | BI21: 0.00148137 | BJ21: 0.00124742 | BK21: 0.00102418 | BL21: 0.00146138 | BM21: 0.00172901 | BN21: 0.00117561 | BO21: 0.00175725 | BP21: 0.00138292 | BQ21: 0.00128498 | BR21: 0.00153206 | BS21: 0.00136189 | BT21: 0.0013542 | BU21: 0.00115157 | BV21: 0.00080242 | BW21: 0.00101373 | BX21: 0.00101451 | BY21: 0.00130238 | BZ21: 0.00086096 | CA21: 0.00099228 | CB21: 0.00054829 | CC21: 0.00077649 | CD21: 0.00085008 | CE21: 0.00049527 | CF21: 0.00066467 | CG21: 0.00074657 | CH21: 0.00064781 | CI21: 0.00092494 | CJ21: 0.00070226 | CK21: 0.00080109 | CL21: 0.00072358 | CM21: 0.00074432 | CN21: 0.00055018 | CO21: 0.00093833 | CP21: 0.00072679 | CQ21: 0.00077145 | CR21: 0.00083781 | CS21: 0.00088849 | CT21: 0.00070954 | CU21: 0.0007149 | CV21: 0.00098722 | CW21: 0.00085856 | CX21: 0.00085482 | CY21: 0.00087985 | CZ21: 0.00059459 | DA21: 0.00087502 | DB21: 0.00089026 | DC21: 0.00065577 | DD21: 0.00094527 | DE21: 0.00089624 | DF21: 0.00085636 | DG21: 0.00132895 | DH21: 0.00102918 | DI21: 0.00133795 | DJ21: 0.00160855 | DK21: 0.00152274 | DL21: 0.00145624 | DM21: 0.00153203 | DN21: 0.00186818 | DO21: 0.0014734 | DP21: 0.00176006 | DQ21: 0.00202667 | DR21: 0.00187677 | DS21: 0.00195902 | DT21: 0.00191112 | DU21: 0.00234169 | DV21: 0.0019678 | DW21: 0.00223702 | DX21: 0.00239129 | DY21: 0.00266509 | DZ21: 0.00278752 | EA21: 0.00252378 | EB21: 0.00374196 | EC21: 0.00391249 | ED21: 0.00462398 | EE21: 0.0053545 | EF21: 0.00670013 | EG21: 0.00879534 | EH21: 0.00786781 | EI21: 0.01361984 | EJ21: 0.00559282 | EK21: 0.00312664 | EL21: 0.00449699 | EM21: 0.00267921 | EN21: 0.00613176
A23: Grade A - Loss Metrics
A24: GCO | C24: 0 | D24: 0 | E24: 0 | F24: 0 | G24: 0 | H24: 0 | I24: 0 | J24: 0 | K24: 0 | L24: 0 | M24: 0 | N24: 0 | O24: 0 | P24: 0 | Q24: 0 | R24: 0 | S24: 0 | T24: 0 | U24: 0 | V24: 0 | W24: 0 | X24: 0 | Y24: 0 | Z24: 0 | AA24: 0 | AB24: 0 | AC24: 0 | AD24: 0 | AE24: 10844.98 | AF24: 1261.34 | AG24: 660.98 | AH24: 0 | AI24: 0 | AJ24: 11482.55 | AK24: 6918.97 | AL24: 0 | AM24: 23112.29 | AN24: 7005.1 | AO24: 5304.78 | AP24: 45946.5 | AQ24: 17647.71 | AR24: 8673.27 | AS24: 4762.79 | AT24: 17105.33 | AU24: 18714.99 | AV24: 9008.09 | AW24: 7622.6 | AX24: 13934.47 | AY24: 20297.6 | AZ24: 6812.14 | BA24: 28949.12 | BB24: 19062.57 | BC24: 29801.59 | BD24: 21267.25 | BE24: 18307.17 | BF24: 43386.02 | BG24: 66885.25 | BH24: 35439.12 | BI24: 41116.75 | BJ24: 48290.65 | BK24: 30993.72 | BL24: 31792.55 | BM24: 51274.95 | BN24: 56101.19 | BO24: 117923.2 | BP24: 106649.33 | BQ24: 91496.15 | BR24: 137489.76 | BS24: 175589.45 | BT24: 127602.1 | BU24: 202123.09 | BV24: 165911.22 | BW24: 167945.47 | BX24: 215373.62 | BY24: 207795.28 | BZ24: 227759.05 | CA24: 209703.08 | CB24: 152969.26 | CC24: 202287.43 | CD24: 213859.21 | CE24: 288092.14 | CF24: 198637.42 | CG24: 243179.02 | CH24: 149083.81 | CI24: 230052.06 | CJ24: 271037.21 | CK24: 167344 | CL24: 235194.37 | CM24: 280949.27 | CN24: 257417.95 | CO24: 380383.57 | CP24: 312245.51 | CQ24: 374379.72 | CR24: 344162.96 | CS24: 411049.88 | CT24: 320398.01 | CU24: 549246.37 | CV24: 468852.71 | CW24: 522771.43 | CX24: 592041.72 | CY24: 673876.41 | CZ24: 571049.55 | DA24: 598415.25 | DB24: 895510.72 | DC24: 814298.58 | DD24: 832548.54 | DE24: 926725.14 | DF24: 651387.23 | DG24: 1007944.7 | DH24: 1058373.3 | DI24: 808534.33 | DJ24: 1261265 | DK24: 1200275.7 | DL24: 1132437.6 | DM24: 1740864.5 | DN24: 1307167.1 | DO24: 1643128.8 | DP24: 1896809.2 | DQ24: 1731624.5 | DR24: 1592681.8 | DS24: 1612339.7 | DT24: 1888311.8 | DU24: 1422513.9 | DV24: 1640382.2 | DW24: 1790982 | DX24: 1594160.3 | DY24: 1593590.9 | DZ24: 1477115 | EA24: 1725067.1 | EB24: 1367697.6 | EC24: 1479878.3 | ED24: 1510497.8 | EE24: 1590639.6 | EF24: 1576126.8 | EG24: 1321797.3 | EH24: 1824013.7 | EI24: 1736698 | EJ24: 1889358.9 | EK24: 1983230.2 | EL24: 2215922.7 | EM24: 2542491.5 | EN24: 1928744.1 | EO24: 2838176.8 | EP24: 930035.98 | EQ24: 404346.98 | ER24: 419475.03 | ES24: 148103.06 | ET24: 103018.37 | EU24: 0 | EV24: 0 | EW24: 0 | EX24: 0 | EY24: 0 | EZ24: 0 | FA24: 0 | FB24: 0 | FC24: 0 | FD24: 0 | FE24: 0 | FF24: 0 | FG24: 0 | FH24: 0 | FI24: 0 | FJ24: 0 | FK24: 0 | FL24: 0 | FM24: 0 | FN24: 0 | FO24: 0 | FP24: 0 | FQ24: 0 | FR24: 0 | FS24: 0 | FT24: 0 | FU24: 0 | FV24: 0 | FW24: 0 | FX24: 0 | FY24: 0 | FZ24: 0 | GA24: 0 | GB24: 0 | GC24: 0 | GD24: 0 | GE24: 0 | GF24: 0 | GG24: 0 | GH24: 0 | GI24: 0 | GJ24: 0 | GK24: 0 | GL24: 0 | GM24: 0 | GN24: 0 | GO24: 0
A25: Recovery | C25: 0 | D25: 0 | E25: 0 | F25: 0 | G25: 0 | H25: 0 | I25: 0 | J25: 0 | K25: 0 | L25: 0 | M25: 0 | N25: 0 | O25: 0 | P25: 0 | Q25: 0 | R25: 0 | S25: 0 | T25: 0 | U25: 0 | V25: 0 | W25: 0 | X25: 0 | Y25: 0 | Z25: 0 | AA25: 0 | AB25: 0 | AC25: 0 | AD25: 0 | AE25: 0 | AF25: 0 | AG25: 0 | AH25: 0 | AI25: 0 | AJ25: 0 | AK25: 3725.14 | AL25: 1351.31 | AM25: 886.3 | AN25: 0 | AO25: 0 | AP25: 4134.88 | AQ25: 1986.19 | AR25: 0 | AS25: 7214.5 | AT25: 2510.75 | AU25: 4746.95 | AV25: 38021.12 | AW25: 7449.54 | AX25: 5441.29 | AY25: 2210.47 | AZ25: 9101.78 | BA25: 4309.24 | BB25: 3184.72 | BC25: 10231.7 | BD25: 9253.39 | BE25: 12864.63 | BF25: 6884.48 | BG25: 22382.06 | BH25: 25897.92 | BI25: 26111.77 | BJ25: 3987.61 | BK25: 7275.44 | BL25: 12994.64 | BM25: 43316.84 | BN25: 30251 | BO25: 44155.35 | BP25: 8694.06 | BQ25: 18494.03 | BR25: 16171.54 | BS25: 35799.11 | BT25: 46874.39 | BU25: 44560.35 | BV25: 59448.91 | BW25: 56537.25 | BX25: 58459.17 | BY25: 55426.37 | BZ25: 64316.32 | CA25: 109610.75 | CB25: 63911 | CC25: 81575.04 | CD25: 128852.59 | CE25: 111589.62 | CF25: 120841.81 | CG25: 120830.6 | CH25: 107248.62 | CI25: 153582.79 | CJ25: 156900.14 | CK25: 174759.69 | CL25: 198213.19 | CM25: 207444.1 | CN25: 184722.05 | CO25: 220996.07 | CP25: 244066.11 | CQ25: 153779.94 | CR25: 204083.99 | CS25: 232432.48 | CT25: 169638.26 | CU25: 292065.56 | CV25: 409527.67 | CW25: 241468.36 | CX25: 293179.83 | CY25: 468390.81 | CZ25: 284413.67 | DA25: 452506.36 | DB25: 398733.02 | DC25: 508935.66 | DD25: 524157.23 | DE25: 539743.78 | DF25: 525833.55 | DG25: 629097.85 | DH25: 751089.59 | DI25: 716611.88 | DJ25: 612928.75 | DK25: 780302.66 | DL25: 615279.15 | DM25: 862203.59 | DN25: 908759.38 | DO25: 728718.91 | DP25: 1085852.6 | DQ25: 1049289.2 | DR25: 991588.73 | DS25: 1475848.7 | DT25: 1508395.4 | DU25: 1550235.3 | DV25: 1956470 | DW25: 1860309.1 | DX25: 1466829.6 | DY25: 1661007.5 | DZ25: 2027991.5 | EA25: 1710691.4 | EB25: 2098553.4 | EC25: 2151318.5 | ED25: 1978047.6 | EE25: 2118831.4 | EF25: 2054295.7 | EG25: 2440334.6 | EH25: 1867175 | EI25: 2394728.3 | EJ25: 2114982.8 | EK25: 1971378.6 | EL25: 2261000.5 | EM25: 1796790.2 | EN25: 2346835.7 | EO25: 2076523.5 | EP25: 1853362.1 | EQ25: 2245167.4 | ER25: 2385038 | ES25: 2497399.4 | ET25: 2133517.6 | EU25: 2491591.2 | EV25: 1044631.6 | EW25: 729064.62 | EX25: 599174.8 | EY25: 255014.55 | EZ25: 378117.14 | FA25: 0 | FB25: 0 | FC25: 0 | FD25: 0 | FE25: 0 | FF25: 0 | FG25: 0 | FH25: 0 | FI25: 0 | FJ25: 0 | FK25: 0 | FL25: 0 | FM25: 0 | FN25: 0 | FO25: 0 | FP25: 0 | FQ25: 0 | FR25: 0 | FS25: 0 | FT25: 0 | FU25: 0 | FV25: 0 | FW25: 0 | FX25: 0 | FY25: 0 | FZ25: 0 | GA25: 0 | GB25: 0 | GC25: 0 | GD25: 0 | GE25: 0 | GF25: 0 | GG25: 0 | GH25: 0 | GI25: 0 | GJ25: 0 | GK25: 0 | GL25: 0 | GM25: 0 | GN25: 0 | GO25: 0
A26: NCO | C26: 0 | D26: 0 | E26: 0 | F26: 0 | G26: 0 | H26: 0 | I26: 0 | J26: 0 | K26: 0 | L26: 0 | M26: 0 | N26: 0 | O26: 0 | P26: 0 | Q26: 0 | R26: 0 | S26: 0 | T26: 0 | U26: 0 | V26: 0 | W26: 0 | X26: 0 | Y26: 0 | Z26: 0 | AA26: 0 | AB26: 0 | AC26: 0 | AD26: 0 | AE26: 10844.98 | AF26: 1261.34 | AG26: 660.98 | AH26: 0 | AI26: 0 | AJ26: 11482.55 | AK26: 3193.83 | AL26: -1351.31 | AM26: 22225.99 | AN26: 7005.1 | AO26: 5304.78 | AP26: 41811.62 | AQ26: 15661.52 | AR26: 8673.27 | AS26: -2451.71 | AT26: 14594.58 | AU26: 13968.04 | AV26: -29013.03 | AW26: 173.06 | AX26: 8493.18 | AY26: 18087.13 | AZ26: -2289.64 | BA26: 24639.88 | BB26: 15877.85 | BC26: 19569.89 | BD26: 12013.86 | BE26: 5442.54 | BF26: 36501.54 | BG26: 44503.19 | BH26: 9541.2 | BI26: 15004.98 | BJ26: 44303.04 | BK26: 23718.28 | BL26: 18797.91 | BM26: 7958.11 | BN26: 25850.19 | BO26: 73767.85 | BP26: 97955.27 | BQ26: 73002.12 | BR26: 121318.22 | BS26: 139790.34 | BT26: 80727.71 | BU26: 157562.74 | BV26: 106462.31 | BW26: 111408.22 | BX26: 156914.45 | BY26: 152368.91 | BZ26: 163442.73 | CA26: 100092.33 | CB26: 89058.26 | CC26: 120712.39 | CD26: 85006.62 | CE26: 176502.52 | CF26: 77795.61 | CG26: 122348.42 | CH26: 41835.19 | CI26: 76469.27 | CJ26: 114137.07 | CK26: -7415.69 | CL26: 36981.18 | CM26: 73505.17 | CN26: 72695.9 | CO26: 159387.5 | CP26: 68179.4 | CQ26: 220599.78 | CR26: 140078.97 | CS26: 178617.4 | CT26: 150759.75 | CU26: 257180.81 | CV26: 59325.04 | CW26: 281303.07 | CX26: 298861.89 | CY26: 205485.6 | CZ26: 286635.88 | DA26: 145908.89 | DB26: 496777.7 | DC26: 305362.92 | DD26: 308391.31 | DE26: 386981.36 | DF26: 125553.68 | DG26: 378846.84 | DH26: 307283.75 | DI26: 91922.45 | DJ26: 648336.21 | DK26: 419973.04 | DL26: 517158.46 | DM26: 878660.93 | DN26: 398407.73 | DO26: 914409.93 | DP26: 810956.64 | DQ26: 682335.25 | DR26: 601093.09 | DS26: 136491.03 | DT26: 379916.36 | DU26: -127721.43 | DV26: -316087.77 | DW26: -69327.05 | DX26: 127330.63 | DY26: -67416.6 | DZ26: -550876.44 | EA26: 14375.71 | EB26: -730855.73 | EC26: -671440.27 | ED26: -467549.83 | EE26: -528191.82 | EF26: -478168.89 | EG26: -1118537.3 | EH26: -43161.36 | EI26: -658030.26 | EJ26: -225623.88 | EK26: 11851.57 | EL26: -45077.83 | EM26: 745701.29 | EN26: -418091.67 | EO26: 761653.27 | EP26: -923326.09 | EQ26: -1840820.4 | ER26: -1965563 | ES26: -2349296.4 | ET26: -2030499.2 | EU26: -2491591.2 | EV26: -1044631.6 | EW26: -729064.62 | EX26: -599174.8 | EY26: -255014.55 | EZ26: -378117.14 | FA26: 0 | FB26: 0 | FC26: 0 | FD26: 0 | FE26: 0 | FF26: 0 | FG26: 0 | FH26: 0 | FI26: 0 | FJ26: 0 | FK26: 0 | FL26: 0 | FM26: 0 | FN26: 0 | FO26: 0 | FP26: 0 | FQ26: 0 | FR26: 0 | FS26: 0 | FT26: 0 | FU26: 0 | FV26: 0 | FW26: 0 | FX26: 0 | FY26: 0 | FZ26: 0 | GA26: 0 | GB26: 0 | GC26: 0 | GD26: 0 | GE26: 0 | GF26: 0 | GG26: 0 | GH26: 0 | GI26: 0 | GJ26: 0 | GK26: 0 | GL26: 0 | GM26: 0 | GN26: 0 | GO26: 0
A27: Loss Rate | C27: 0 | D27: 0 | E27: 0 | F27: 0 | G27: 0 | H27: 0 | I27: 0 | J27: 0 | K27: 0 | L27: 0 | M27: 0 | N27: 0 | O27: 0 | P27: 0 | Q27: 0 | R27: 0 | S27: 0 | T27: 0 | U27: 0 | V27: 0 | W27: 0 | X27: 0 | Y27: 0 | Z27: 0 | AA27: 0 | AB27: 0 | AC27: 0 | AD27: 0 | AE27: 0.0014 | AF27: 0.0002 | AG27: 0.0001 | AH27: 0 | AI27: 0 | AJ27: 0.001 | AK27: 0.0003 | AL27: -0.0001 | AM27: 0.0015 | AN27: 0.0004 | AO27: 0.0003 | AP27: 0.0022 | AQ27: 0.0007 | AR27: 0.0004 | AS27: -0.0001 | AT27: 0.0005 | AU27: 0.0005 | AV27: -0.0009 | AW27: 0 | AX27: 0.0002 | AY27: 0.0005 | AZ27: -0.0001 | BA27: 0.0005 | BB27: 0.0003 | BC27: 0.0004 | BD27: 0.0002 | BE27: 0.0001 | BF27: 0.0005 | BG27: 0.0006 | BH27: 0.0001 | BI27: 0.0002 | BJ27: 0.0005 | BK27: 0.0003 | BL27: 0.0002 | BM27: 0.0001 | BN27: 0.0002 | BO27: 0.0006 | BP27: 0.0007 | BQ27: 0.0005 | BR27: 0.0008 | BS27: 0.0008 | BT27: 0.0004 | BU27: 0.0008 | BV27: 0.0005 | BW27: 0.0005 | BX27: 0.0007 | BY27: 0.0007 | BZ27: 0.0007 | CA27: 0.0004 | CB27: 0.0003 | CC27: 0.0004 | CD27: 0.0003 | CE27: 0.0005 | CF27: 0.0002 | CG27: 0.0003 | CH27: 0.0001 | CI27: 0.0002 | CJ27: 0.0002 | CK27: 0 | CL27: 0.0001 | CM27: 0.0001 | CN27: 0.0001 | CO27: 0.0002 | CP27: 0.0001 | CQ27: 0.0003 | CR27: 0.0002 | CS27: 0.0002 | CT27: 0.0002 | CU27: 0.0003 | CV27: 0.0001 | CW27: 0.0003 | CX27: 0.0003 | CY27: 0.0002 | CZ27: 0.0002 | DA27: 0.0001 | DB27: 0.0004 | DC27: 0.0002 | DD27: 0.0002 | DE27: 0.0003 | DF27: 0.0001 | DG27: 0.0003 | DH27: 0.0002 | DI27: 0.0001 | DJ27: 0.0006 | DK27: 0.0004 | DL27: 0.0005 | DM27: 0.0009 | DN27: 0.0004 | DO27: 0.001 | DP27: 0.0009 | DQ27: 0.0008 | DR27: 0.0007 | DS27: 0.0002 | DT27: 0.0005 | DU27: -0.0002 | DV27: -0.0005 | DW27: -0.0001 | DX27: 0.0002 | DY27: -0.0001 | DZ27: -0.001 | EA27: 0 | EB27: -0.0016 | EC27: -0.0016 | ED27: -0.0012 | EE27: -0.0015 | EF27: -0.0016 | EG27: -0.0043 | EH27: -0.0002 | EI27: -0.0036 | EJ27: -0.0016 | EK27: 0.0001 | EL27: -0.0007 | EM27: 0.0306 | EN27: -0.0652 | EO27: 0.2344 | EP27: -0.43 | EQ27: -1.1323 | ER27: -1.762 | ES27: -2.5992 | ET27: -2.7061 | EU27: -3.5141 | EV27: -1.564 | EW27: -1.162 | EX27: -1.0197 | EY27: -0.4657 | EZ27: -0.7431 | FA27: 0 | FB27: 0 | FC27: 0 | FD27: 0 | FE27: 0 | FF27: 0 | FG27: 0 | FH27: 0 | FI27: 0 | FJ27: 0 | FK27: 0 | FL27: 0 | FM27: 0 | FN27: 0 | FO27: 0 | FP27: 0 | FQ27: 0 | FR27: 0 | FS27: 0 | FT27: 0 | FU27: 0 | FV27: 0 | FW27: 0 | FX27: 0 | FY27: 0 | FZ27: 0 | GA27: 0 | GB27: 0 | GC27: 0 | GD27: 0 | GE27: 0 | GF27: 0 | GG27: 0 | GH27: 0 | GI27: 0 | GJ27: 0 | GK27: 0 | GL27: 0 | GM27: 0 | GN27: 0 | GO27: 0
A29: Grade A - DCF-ECL
A30: ECL Reserve (DCF-ECL) | C30: -457.06 | D30: -742.78 | E30: -908.84 | F30: -1173.99 | G30: -1552.84 | H30: -1830.53 | I30: -3618.03 | J30: -4648.24 | K30: -5647.8 | L30: -6035.39 | M30: -6095.18 | N30: -5958.19 | O30: -6096.03 | P30: -5647.2 | Q30: -5194.85 | R30: -5357.87 | S30: -5953.89 | T30: -7541.29 | U30: -9600.51 | V30: -11303.14 | W30: -13555.86 | X30: -16334.98 | Y30: -17846.14 | Z30: -20300.63 | AA30: -22374.85 | AB30: -25045.27 | AC30: -28348.59 | AD30: -30923.79 | AE30: -33820.09 | AF30: -36619.81 | AG30: -39130.85 | AH30: -40717.65 | AI30: -43577.6 | AJ30: -45730.42 | AK30: -51211 | AL30: -56852.1 | AM30: -63557.82 | AN30: -65054.22 | AO30: -68856.1 | AP30: -80007.32 | AQ30: -88994.73 | AR30: -102345.29 | AS30: -114470.91 | AT30: -118608.75 | AU30: -122797.85 | AV30: -123975.55 | AW30: -127331.59 | AX30: -132428.76 | AY30: -136931.25 | AZ30: -148315.42 | BA30: -166365.77 | BB30: -186999.82 | BC30: -199648 | BD30: -201186.54 | BE30: -220351.42 | BF30: -245004.96 | BG30: -273152.04 | BH30: -290386.99 | BI30: -308746.45 | BJ30: -311006.19 | BK30: -318010.92 | BL30: -343665.76 | BM30: -364452.11 | BN30: -378087.68 | BO30: -380235.55 | BP30: -419476.15 | BQ30: -449393.4 | BR30: -493730.05 | BS30: -559448.58 | BT30: -612068.68 | BU30: -617320.37 | BV30: -626593.28 | BW30: -649607.12 | BX30: -662657.93 | BY30: -666941.06 | BZ30: -700176.64 | CA30: -821355.27 | CB30: -922980.53 | CC30: -1048315 | CD30: -1131212.8 | CE30: -1180217.4 | CF30: -1278698.4 | CG30: -1354449.1 | CH30: -1369372.8 | CI30: -1544908.3 | CJ30: -1623466.1 | CK30: -1592465.5 | CL30: -2229409.4 | CM30: -2360489.5 | CN30: -2206506.5 | CO30: -2592302.2 | CP30: -2725861.5 | CQ30: -2810188.8 | CR30: -3098203 | CS30: -3317175.6 | CT30: -3367459.2 | CU30: -3767189.1 | CV30: -3893418 | CW30: -3842273.2 | CX30: -4261771 | CY30: -4323634.1 | CZ30: -4490716.7 | DA30: -6086214.6 | DB30: -7725522.5 | DC30: -11225076 | DD30: -11782036 | DE30: -11533060 | DF30: -11149806 | DG30: -9968937.4 | DH30: -8754030 | DI30: -7406774.7 | DJ30: -6288052.8 | DK30: -5268731.2 | DL30: -4318212.3 | DM30: -3438774.3 | DN30: -2479383.2 | DO30: -1779907.6 | DP30: -925938.95 | DQ30: -213207.74 | DR30: 527785.29 | DS30: 1211216.8 | DT30: 1879426.1 | DU30: 2732962.7 | DV30: 2986355.9 | DW30: 3377692.8 | DX30: 4136490.2 | DY30: 4417925.8 | DZ30: 5009856.3 | EA30: 5542749.8 | EB30: 5929197.4 | EC30: 6284238.6 | ED30: 6800914.3 | EE30: 7023117.2 | EF30: 7416757.8 | EG30: 7946562.6 | EH30: 8071211.5 | EI30: 8442907 | EJ30: 8656286.5 | EK30: 8297871.4 | EL30: 7717578.6 | EM30: 6195956.7 | EN30: 5891947.8 | EO30: 5894068.9 | EP30: 5743937.3 | EQ30: 5875751.1 | ER30: 6001696.6 | ES30: 6167537.4 | ET30: 6150396.5 | EU30: 6144585.3 | EV30: 6097922.9 | EW30: 5991471.4 | EX30: 5911846.6 | EY30: 5670453.6 | EZ30: 5520363.4 | FA30: 5257606.4 | FB30: 4966322.3 | FC30: 4685088.8 | FD30: 4368004.8 | FE30: 4120674.5 | FF30: 3784585.3 | FG30: 3382626.4 | FH30: 3049747.3 | FI30: 2693481 | FJ30: 2409942.6 | FK30: 1995008.3 | FL30: 1670117.4 | FM30: 1336537.9 | FN30: 1081461.3 | FO30: 891330.9 | FP30: 732169.89 | FQ30: 604391.56 | FR30: 501811.88 | FS30: 429498.62 | FT30: 365347.64 | FU30: 353320.39 | FV30: 341989.9 | FW30: 326340.32 | FX30: 310931.54 | FY30: 297771.46 | FZ30: 285636.52 | GA30: 275735.16 | GB30: 264810.39 | GC30: 247837.16 | GD30: 230194.67 | GE30: 205463.04 | GF30: 184943.75 | GG30: 163558.56 | GH30: 144947.67 | GI30: 125295.68 | GJ30: 107651.71 | GK30: 90000.47 | GL30: 74798.12 | GM30: 56432.46 | GN30: 39355.14 | GO30: 25062.14
A31: ALLL Ratio (DCF-ECL) | C31: -0.007136 | D31: -0.006912 | E31: -0.00667 | F31: -0.006506 | G31: -0.006399 | H31: -0.006223 | I31: -0.006498 | J31: -0.006425 | K31: -0.006244 | L31: -0.006073 | M31: -0.005961 | N31: -0.005721 | O31: -0.00546 | P31: -0.005041 | Q31: -0.00464 | R31: -0.004447 | S31: -0.004448 | T31: -0.004597 | U31: -0.004771 | V31: -0.004793 | W31: -0.004862 | X31: -0.004946 | Y31: -0.004847 | Z31: -0.004805 | AA31: -0.00471 | AB31: -0.004663 | AC31: -0.004651 | AD31: -0.004554 | AE31: -0.004488 | AF31: -0.004407 | AG31: -0.004328 | AH31: -0.004199 | AI31: -0.004159 | AJ31: -0.004078 | AK31: -0.004132 | AL31: -0.004149 | AM31: -0.004179 | AN31: -0.004051 | AO31: -0.003974 | AP31: -0.004143 | AQ31: -0.004197 | AR31: -0.004252 | AS31: -0.004309 | AT31: -0.004204 | AU31: -0.004112 | AV31: -0.003971 | AW31: -0.003852 | AX31: -0.003757 | AY31: -0.003652 | AZ31: -0.003632 | BA31: -0.003675 | BB31: -0.003725 | BC31: -0.003685 | BD31: -0.003545 | BE31: -0.003563 | BF31: -0.003605 | BG31: -0.003667 | BH31: -0.003634 | BI31: -0.003594 | BJ31: -0.003463 | BK31: -0.003361 | BL31: -0.003362 | BM31: -0.003333 | BN31: -0.003262 | BO31: -0.003143 | BP31: -0.003184 | BQ31: -0.003171 | BR31: -0.00321 | BS31: -0.003301 | BT31: -0.003335 | BU31: -0.003214 | BV31: -0.003118 | BW31: -0.003061 | BX31: -0.002976 | BY31: -0.002871 | BZ31: -0.002839 | CA31: -0.003003 | CB31: -0.003099 | CC31: -0.003271 | CD31: -0.003331 | CE31: -0.003321 | CF31: -0.003384 | CG31: -0.003395 | CH31: -0.003316 | CI31: -0.003459 | CJ31: -0.003459 | CK31: -0.003332 | CL31: -0.00402 | CM31: -0.004036 | CN31: -0.003753 | CO31: -0.004001 | CP31: -0.004005 | CQ31: -0.003959 | CR31: -0.004066 | CS31: -0.004102 | CT31: -0.004003 | CU31: -0.004134 | CV31: -0.004085 | CW31: -0.003925 | CX31: -0.004026 | CY31: -0.003926 | CZ31: -0.003879 | DA31: -0.005093 | DB31: -0.006233 | DC31: -0.008372 | DD31: -0.008752 | DE31: -0.008673 | DF31: -0.00846 | DG31: -0.007794 | DH31: -0.007075 | DI31: -0.006227 | DJ31: -0.005476 | DK31: -0.004766 | DL31: -0.004056 | DM31: -0.003362 | DN31: -0.002535 | DO31: -0.001885 | DP31: -0.001033 | DQ31: -0.000247 | DR31: 0.000639 | DS31: 0.001542 | DT31: 0.00251 | DU31: 0.003863 | DV31: 0.004434 | DW31: 0.00525 | DX31: 0.006798 | DY31: 0.007656 | DZ31: 0.009356 | EA31: 0.011116 | EB31: 0.013013 | EC31: 0.014941 | ED31: 0.017769 | EE31: 0.020442 | EF31: 0.024505 | EG31: 0.030548 | EH31: 0.036125 | EI31: 0.046232 | EJ31: 0.060026 | EK31: 0.07828 | EL31: 0.117449 | EM31: 0.254244 | EN31: 0.918596 | EO31: 1.813578 | EP31: 2.674757 | EQ31: 3.614303 | ER31: 5.38023 | ES31: 6.823688 | ET31: 8.196869 | EU31: 8.666231 | EV31: 9.129515 | EW31: 9.549434 | EX31: 10.061063 | EY31: 10.356225 | EZ31: 10.849533 | FA31: 11.163454 | FB31: 11.438025 | FC31: 11.739905 | FD31: 12.001221 | FE31: 12.479776 | FF31: 12.730024 | FG31: 12.748406 | FH31: 13.055729 | FI31: 13.129943 | FJ31: 13.27643 | FK31: 12.586021 | FL31: 12.055976 | FM31: 10.939303 | FN31: 10.075743 | FO31: 9.257901 | FP31: 8.563666 | FQ31: 7.879492 | FR31: 7.19013 | FS31: 6.544346 | FT31: 5.915895 | FU31: 6.080634 | FV31: 6.282911 | FW31: 6.43231 | FX31: 6.613586 | FY31: 6.881682 | FZ31: 7.230812 | GA31: 7.721184 | GB31: 8.302185 | GC31: 8.833215 | GD31: 9.514459 | GE31: 10.118014 | GF31: 10.958405 | GG31: 12.182504 | GH31: 14.563293 | GI31: 16.322023 | GJ31: 18.506948 | GK31: 18.97209 | GL31: 20.415261 | GM31: 21.900419 | GN31: 26.544398 | GO31: 65.726927
A34: Grade B - Balances | B34: 39234 | C34: 39264 | D34: 39295 | E34: 39326 | F34: 39356 | G34: 39387 | H34: 39417 | I34: 39448 | J34: 39479 | K34: 39508 | L34: 39539 | M34: 39569 | N34: 39600 | O34: 39630 | P34: 39661 | Q34: 39692 | R34: 39722 | S34: 39753 | T34: 39783 | U34: 39814 | V34: 39845 | W34: 39873 | X34: 39904 | Y34: 39934 | Z34: 39965 | AA34: 39995 | AB34: 40026 | AC34: 40057 | AD34: 40087 | AE34: 40118 | AF34: 40148 | AG34: 40179 | AH34: 40210 | AI34: 40238 | AJ34: 40269 | AK34: 40299 | AL34: 40330 | AM34: 40360 | AN34: 40391 | AO34: 40422 | AP34: 40452 | AQ34: 40483 | AR34: 40513 | AS34: 40544 | AT34: 40575 | AU34: 40603 | AV34: 40634 | AW34: 40664 | AX34: 40695 | AY34: 40725 | AZ34: 40756 | BA34: 40787 | BB34: 40817 | BC34: 40848 | BD34: 40878 | BE34: 40909 | BF34: 40940 | BG34: 40969 | BH34: 41000 | BI34: 41030 | BJ34: 41061 | BK34: 41091 | BL34: 41122 | BM34: 41153 | BN34: 41183 | BO34: 41214 | BP34: 41244 | BQ34: 41275 | BR34: 41306 | BS34: 41334 | BT34: 41365 | BU34: 41395 | BV34: 41426 | BW34: 41456 | BX34: 41487 | BY34: 41518 | BZ34: 41548 | CA34: 41579 | CB34: 41609 | CC34: 41640 | CD34: 41671 | CE34: 41699 | CF34: 41730 | CG34: 41760 | CH34: 41791 | CI34: 41821 | CJ34: 41852 | CK34: 41883 | CL34: 41913 | CM34: 41944 | CN34: 41974 | CO34: 42005 | CP34: 42036 | CQ34: 42064 | CR34: 42095 | CS34: 42125 | CT34: 42156 | CU34: 42186 | CV34: 42217 | CW34: 42248 | CX34: 42278 | CY34: 42309 | CZ34: 42339 | DA34: 42370 | DB34: 42401 | DC34: 42430 | DD34: 42461 | DE34: 42491 | DF34: 42522 | DG34: 42552 | DH34: 42583 | DI34: 42614 | DJ34: 42644 | DK34: 42675 | DL34: 42705 | DM34: 42736 | DN34: 42767 | DO34: 42795 | DP34: 42826 | DQ34: 42856 | DR34: 42887 | DS34: 42917 | DT34: 42948 | DU34: 42979 | DV34: 43009 | DW34: 43040 | DX34: 43070 | DY34: 43101 | DZ34: 43132 | EA34: 43160 | EB34: 43191 | EC34: 43221 | ED34: 43252 | EE34: 43282 | EF34: 43313 | EG34: 43344 | EH34: 43374 | EI34: 43405 | EJ34: 43435 | EK34: 43466 | EL34: 43497 | EM34: 43525 | EN34: 43556 | EO34: 43586 | EP34: 43617 | EQ34: 43647 | ER34: 43678 | ES34: 43709 | ET34: 43739 | EU34: 43770 | EV34: 43800 | EW34: 43831 | EX34: 43862 | EY34: 43891 | EZ34: 43922 | FA34: 43952 | FB34: 43983 | FC34: 44013 | FD34: 44044 | FE34: 44075 | FF34: 44105 | FG34: 44136 | FH34: 44166 | FI34: 44197 | FJ34: 44228 | FK34: 44256 | FL34: 44287 | FM34: 44317 | FN34: 44348 | FO34: 44378 | FP34: 44409 | FQ34: 44440 | FR34: 44470 | FS34: 44501 | FT34: 44531 | FU34: 44562 | FV34: 44593 | FW34: 44621 | FX34: 44652 | FY34: 44682 | FZ34: 44713 | GA34: 44743 | GB34: 44774 | GC34: 44805 | GD34: 44835 | GE34: 44866 | GF34: 44896 | GG34: 44927 | GH34: 44958 | GI34: 44986 | GJ34: 45017 | GK34: 45047 | GL34: 45078 | GM34: 45108 | GN34: 45139 | GO34: 45170
A35: Current | B35: 0 | C35: 31500 | D35: 67937.3 | E35: 122897.16 | F35: 149624.33 | G35: 296535.1 | H35: 543096.46 | I35: 1068961.7 | J35: 1747970.3 | K35: 2618712.6 | L35: 2944613.3 | M35: 2974656.2 | N35: 2957445.6 | O35: 3007823.2 | P35: 2945685.4 | Q35: 2869700.1 | R35: 2932011 | S35: 3394588.4 | T35: 3867322.2 | U35: 4322769.6 | V35: 4398724.5 | W35: 4484046.4 | X35: 4677772.2 | Y35: 5628281.9 | Z35: 6654252.1 | AA35: 7517445.3 | AB35: 8676448.2 | AC35: 10016295 | AD35: 11565310 | AE35: 12968370 | AF35: 15042634 | AG35: 16648871 | AH35: 18650791 | AI35: 20323613 | AJ35: 23092236 | AK35: 25287881 | AL35: 27023950 | AM35: 29321388 | AN35: 31574533 | AO35: 33708442 | AP35: 35830632 | AQ35: 37347917 | AR35: 39011189 | AS35: 41407922 | AT35: 43578813 | AU35: 45598064 | AV35: 48925366 | AW35: 51766802 | AX35: 55248821 | AY35: 58839488 | AZ35: 62473823 | BA35: 67928863 | BB35: 73534980 | BC35: 79313466 | BD35: 85197852 | BE35: 92344516 | BF35: 99413315 | BG35: 1.0807892e+08 | BH35: 1.1797178e+08 | BI35: 1.2681998e+08 | BJ35: 1.3575417e+08 | BK35: 1.4861888e+08 | BL35: 1.6432743e+08 | BM35: 1.8293696e+08 | BN35: 2.0099112e+08 | BO35: 2.1846049e+08 | BP35: 2.398439e+08 | BQ35: 2.673904e+08 | BR35: 2.9963591e+08 | BS35: 3.2775674e+08 | BT35: 3.5589532e+08 | BU35: 3.8371846e+08 | BV35: 4.1547078e+08 | BW35: 4.5126141e+08 | BX35: 4.8687251e+08 | BY35: 5.2251826e+08 | BZ35: 5.6430458e+08 | CA35: 6.0427711e+08 | CB35: 6.4376514e+08 | CC35: 6.8078861e+08 | CD35: 7.1105204e+08 | CE35: 7.4145428e+08 | CF35: 7.7631555e+08 | CG35: 8.0578853e+08 | CH35: 8.2621607e+08 | CI35: 8.8152996e+08 | CJ35: 9.0207058e+08 | CK35: 8.9457019e+08 | CL35: 9.7463821e+08 | CM35: 1.0132384e+09 | CN35: 1.0036637e+09 | CO35: 1.0742741e+09 | CP35: 1.1042263e+09 | CQ35: 1.1386964e+09 | CR35: 1.1958295e+09 | CS35: 1.2372861e+09 | CT35: 1.2675724e+09 | CU35: 1.3571343e+09 | CV35: 1.4141767e+09 | CW35: 1.4451024e+09 | CX35: 1.5536249e+09 | CY35: 1.6146123e+09 | CZ35: 1.6952863e+09 | DA35: 1.7395242e+09 | DB35: 1.8125599e+09 | DC35: 1.9095376e+09 | DD35: 1.8917909e+09 | DE35: 1.869764e+09 | DF35: 1.8642909e+09 | DG35: 1.844449e+09 | DH35: 1.8381644e+09 | DI35: 1.793507e+09 | DJ35: 1.7628812e+09 | DK35: 1.7299265e+09 | DL35: 1.6924183e+09 | DM35: 1.6453435e+09 | DN35: 1.5859395e+09 | DO35: 1.5444624e+09 | DP35: 1.4713809e+09 | DQ35: 1.4237576e+09 | DR35: 1.3698228e+09 | DS35: 1.3092584e+09 | DT35: 1.2549811e+09 | DU35: 1.1913652e+09 | DV35: 1.1378872e+09 | DW35: 1.0828947e+09 | DX35: 1.0230689e+09 | DY35: 9.6083821e+08 | DZ35: 8.8660556e+08 | EA35: 8.2475241e+08 | EB35: 7.4919225e+08 | EC35: 6.8639553e+08 | ED35: 6.1290702e+08 | EE35: 5.3740814e+08 | EF35: 4.6046623e+08 | EG35: 3.7864706e+08 | EH35: 3.1307137e+08 | EI35: 2.4266945e+08 | EJ35: 1.8519502e+08 | EK35: 1.3153168e+08 | EL35: 75178653 | EM35: 23622306 | EN35: 2724580.1 | EO35: 2620205 | EP35: 2515580.5 | EQ35: 2412725 | ER35: 2311079.1 | ES35: 2209160.6 | ET35: 2107952.1 | EU35: 2009998.2 | EV35: 1914852.3 | EW35: 1822559.5 | EX35: 1731540.8 | EY35: 1641745 | EZ35: 1555116.2 | FA35: 1469415.1 | FB35: 1384361.4 | FC35: 1301863.8 | FD35: 1221216 | FE35: 1142472.5 | FF35: 1066449.2 | FG35: 995774.77 | FH35: 928765.45 | FI35: 863225.09 | FJ35: 799041.05 | FK35: 737580.02 | FL35: 682372.83 | FM35: 629184.37 | FN35: 582039.38 | FO35: 539176.7 | FP35: 502781.75 | FQ35: 472063.77 | FR35: 444434.72 | FS35: 419324.77 | FT35: 394478.96 | FU35: 370540.86 | FV35: 346386.33 | FW35: 322013.38 | FX35: 297420.02 | FY35: 272604.23 | FZ35: 247563.99 | GA35: 222779.95 | GB35: 197771.51 | GC35: 174283.13 | GD35: 150580.17 | GE35: 127084.91 | GF35: 104423.23 | GG35: 84715.54 | GH35: 66418 | GI35: 49545.25 | GJ35: 35111.4 | GK35: 23854.33 | GL35: 13751.99 | GM35: 7218.58 | GN35: 3074.17 | GO35: 1408.98
A36: 30+ | B36: 0 | C36: 0 | D36: 0 | E36: 0 | F36: 0 | G36: 0 | H36: 0 | I36: 0 | J36: 0 | K36: 0 | L36: 0 | M36: 0 | N36: 0 | O36: 4916.71 | P36: 8012.25 | Q36: 12793.65 | R36: 17424.96 | S36: 27841.76 | T36: 0 | U36: 25919.91 | V36: 26791.37 | W36: 15840.64 | X36: 34409.43 | Y36: 20309.17 | Z36: 22767.59 | AA36: 49780.11 | AB36: 14076.83 | AC36: 63690.72 | AD36: 38677 | AE36: 66940.08 | AF36: 85298.92 | AG36: 104763.91 | AH36: 23527.25 | AI36: 35873.39 | AJ36: 56818.18 | AK36: 62258.87 | AL36: 53882.39 | AM36: 90476.28 | AN36: 118366.87 | AO36: 89399.45 | AP36: 109611.44 | AQ36: 104835.38 | AR36: 149813.84 | AS36: 165736.56 | AT36: 82563.31 | AU36: 92726.13 | AV36: 114247.79 | AW36: 64542.82 | AX36: 123277.64 | AY36: 112605.1 | AZ36: 166981.65 | BA36: 128885.8 | BB36: 195118.69 | BC36: 185790.66 | BD36: 143015.89 | BE36: 248658.45 | BF36: 239575.16 | BG36: 267411.08 | BH36: 274442.51 | BI36: 272748.38 | BJ36: 250190.27 | BK36: 411850.92 | BL36: 393935.2 | BM36: 431999.47 | BN36: 546776.26 | BO36: 588901.45 | BP36: 547505.61 | BQ36: 784861.2 | BR36: 713965.83 | BS36: 734497.93 | BT36: 796174.83 | BU36: 885409.91 | BV36: 994010.12 | BW36: 868379.02 | BX36: 1423520.5 | BY36: 1461403.2 | BZ36: 1479579.1 | CA36: 1760768.3 | CB36: 1217823.3 | CC36: 1599087 | CD36: 1865731.1 | CE36: 1417081 | CF36: 1730361.2 | CG36: 1509343.6 | CH36: 1877815.2 | CI36: 2349409 | CJ36: 2455785.3 | CK36: 2442552.7 | CL36: 2614541.3 | CM36: 2909123 | CN36: 2218775.7 | CO36: 2943803.3 | CP36: 2734869.1 | CQ36: 2701576.6 | CR36: 3610870 | CS36: 2812821.9 | CT36: 3057203 | CU36: 3842814.5 | CV36: 4183861.1 | CW36: 3942406.1 | CX36: 4520012.8 | CY36: 4614886.2 | CZ36: 3841433.3 | DA36: 4203248.7 | DB36: 4475537.5 | DC36: 4422143.8 | DD36: 6058269.5 | DE36: 5940622.2 | DF36: 6975417.2 | DG36: 7595153.1 | DH36: 8775122.8 | DI36: 9272042.7 | DJ36: 9091020.3 | DK36: 9295060.2 | DL36: 8110604.3 | DM36: 9244313.1 | DN36: 9662764.6 | DO36: 8597153.3 | DP36: 11213385 | DQ36: 9335594.3 | DR36: 10178016 | DS36: 10317474 | DT36: 9894902.1 | DU36: 10769876 | DV36: 9461186.3 | DW36: 10116344 | DX36: 10132161 | DY36: 9203500.1 | DZ36: 11308461 | EA36: 8286981.5 | EB36: 11194433 | EC36: 9257177.9 | ED36: 10627461 | EE36: 11544843 | EF36: 12716921 | EG36: 13089380 | EH36: 10916418 | EI36: 12583775 | EJ36: 4855615.4 | EK36: 2241614 | EL36: 1691689.5 | EM36: 772737.14 | EN36: 424741.13 | EO36: 0 | EP36: 0 | EQ36: 0 | ER36: 0 | ES36: 0 | ET36: 0 | EU36: 0 | EV36: 0 | EW36: 0 | EX36: 0 | EY36: 0 | EZ36: 0 | FA36: 0 | FB36: 0 | FC36: 0 | FD36: 0 | FE36: 0 | FF36: 0 | FG36: 0 | FH36: 0 | FI36: 0 | FJ36: 0 | FK36: 0 | FL36: 0 | FM36: 0 | FN36: 0 | FO36: 0 | FP36: 0 | FQ36: 0 | FR36: 0 | FS36: 0 | FT36: 0 | FU36: 0 | FV36: 0 | FW36: 0 | FX36: 0 | FY36: 0 | FZ36: 0 | GA36: 0 | GB36: 0 | GC36: 0 | GD36: 0 | GE36: 0 | GF36: 0 | GG36: 0 | GH36: 0 | GI36: 0 | GJ36: 0 | GK36: 0 | GL36: 0 | GM36: 0 | GN36: 0 | GO36: 0
A37: 60+ | B37: 0 | C37: 0 | D37: 0 | E37: 0 | F37: 0 | G37: 0 | H37: 0 | I37: 0 | J37: 0 | K37: 0 | L37: 0 | M37: 0 | N37: 0 | O37: 0 | P37: 4786.8 | Q37: 7755.01 | R37: 12415.38 | S37: 16895.84 | T37: 26942.33 | U37: 0 | V37: 24925.11 | W37: 25865.65 | X37: 15298.36 | Y37: 33446.61 | Z37: 19513.69 | AA37: 21649.75 | AB37: 47914.95 | AC37: 13505.92 | AD37: 61337.71 | AE37: 36812 | AF37: 64892.71 | AG37: 82739.33 | AH37: 100385.48 | AI37: 22798.93 | AJ37: 34780.03 | AK37: 53972.25 | AL37: 60364.63 | AM37: 52027.46 | AN37: 87302.02 | AO37: 114397.04 | AP37: 86499.29 | AQ37: 105823.72 | AR37: 100815.5 | AS37: 144024.4 | AT37: 160099.3 | AU37: 80188.17 | AV37: 89839.58 | AW37: 110561.25 | AX37: 61970.07 | AY37: 120220.57 | AZ37: 108487.23 | BA37: 160260.26 | BB37: 124693.65 | BC37: 189041.35 | BD37: 179984.64 | BE37: 138278.25 | BF37: 240276.77 | BG37: 232220.82 | BH37: 260162.8 | BI37: 265947.22 | BJ37: 265677.66 | BK37: 242745.77 | BL37: 399779.39 | BM37: 381421.66 | BN37: 420614.81 | BO37: 531741.08 | BP37: 567372.43 | BQ37: 530852.36 | BR37: 762823.18 | BS37: 691310.44 | BT37: 713208.26 | BU37: 768779.06 | BV37: 856786.41 | BW37: 963371.95 | BX37: 838021.36 | BY37: 1377841.4 | BZ37: 1410970.6 | CA37: 1427193.8 | CB37: 1699597.9 | CC37: 1173127.5 | CD37: 1541464 | CE37: 1799202.6 | CF37: 1364775 | CG37: 1667438.7 | CH37: 1453084.3 | CI37: 1802946.4 | CJ37: 2259243.5 | CK37: 2358355.7 | CL37: 2342420.3 | CM37: 2511470.3 | CN37: 2790890.9 | CO37: 2127126.6 | CP37: 2820577.9 | CQ37: 2623779 | CR37: 2590124.6 | CS37: 3463354.8 | CT37: 2697127.2 | CU37: 2923184.8 | CV37: 3676750.1 | CW37: 4005787.4 | CX37: 3782914.6 | CY37: 4330295 | CZ37: 4421974.3 | DA37: 3674441 | DB37: 4031788.4 | DC37: 4295010.9 | DD37: 4247227.8 | DE37: 5807057.7 | DF37: 5719293.4 | DG37: 6718860.9 | DH37: 7308494.7 | DI37: 8445057.8 | DJ37: 8914468.9 | DK37: 8745046.4 | DL37: 8941430.8 | DM37: 7789692.8 | DN37: 8877211.9 | DO37: 9293249.5 | DP37: 8250132.4 | DQ37: 10763559 | DR37: 8955632.5 | DS37: 9763874.8 | DT37: 9883874.8 | DU37: 9477749.1 | DV37: 10311587 | DW37: 9058423.9 | DX37: 9668385.4 | DY37: 9717973.2 | DZ37: 8797473.6 | EA37: 10830264 | EB37: 7939449.5 | EC37: 10728883 | ED37: 8853464.9 | EE37: 10201203 | EF37: 11060510 | EG37: 12208124 | EH37: 12562767 | EI37: 10480684 | EJ37: 12078169 | EK37: 4639784.4 | EL37: 2128054.2 | EM37: 1597316.4 | EN37: 720973.96 | EO37: 391385.88 | EP37: 0 | EQ37: 0 | ER37: 0 | ES37: 0 | ET37: 0 | EU37: 0 | EV37: 0 | EW37: 0 | EX37: 0 | EY37: 0 | EZ37: 0 | FA37: 0 | FB37: 0 | FC37: 0 | FD37: 0 | FE37: 0 | FF37: 0 | FG37: 0 | FH37: 0 | FI37: 0 | FJ37: 0 | FK37: 0 | FL37: 0 | FM37: 0 | FN37: 0 | FO37: 0 | FP37: 0 | FQ37: 0 | FR37: 0 | FS37: 0 | FT37: 0 | FU37: 0 | FV37: 0 | FW37: 0 | FX37: 0 | FY37: 0 | FZ37: 0 | GA37: 0 | GB37: 0 | GC37: 0 | GD37: 0 | GE37: 0 | GF37: 0 | GG37: 0 | GH37: 0 | GI37: 0 | GJ37: 0 | GK37: 0 | GL37: 0 | GM37: 0 | GN37: 0 | GO37: 0
A38: 90+ | B38: 0 | C38: 0 | D38: 0 | E38: 0 | F38: 0 | G38: 0 | H38: 0 | I38: 0 | J38: 0 | K38: 0 | L38: 0 | M38: 0 | N38: 0 | O38: 0 | P38: 0 | Q38: 4655.79 | R38: 7495.77 | S38: 12034.04 | T38: 16362.01 | U38: 26035.54 | V38: 0 | W38: 23922.48 | X38: 24931.85 | Y38: 14751.32 | Z38: 32474.63 | AA38: 18711.31 | AB38: 20522.5 | AC38: 46033.24 | AD38: 12930.08 | AE38: 58963.4 | AF38: 34931.07 | AG38: 62825.15 | AH38: 80155.86 | AI38: 95968 | AJ38: 22063.71 | AK38: 33675.91 | AL38: 51101.52 | AM38: 58452.25 | AN38: 50155.14 | AO38: 84097.71 | AP38: 110388.93 | AQ38: 83570.56 | AR38: 101999.55 | AS38: 96757.15 | AT38: 138178.03 | AU38: 154633.94 | AV38: 77791.02 | AW38: 86926.4 | AX38: 106840.44 | AY38: 59373.63 | AZ38: 117136.41 | BA38: 104330.62 | BB38: 153474.92 | BC38: 120462.39 | BD38: 182908.18 | BE38: 174126.42 | BF38: 133496.52 | BG38: 231819.13 | BH38: 224799.11 | BI38: 252847.63 | BJ38: 257372.7 | BK38: 258542.15 | BL38: 235229.07 | BM38: 387592.42 | BN38: 368794.68 | BO38: 409117.67 | BP38: 516562.44 | BQ38: 545638.57 | BR38: 514039.99 | BS38: 740562.75 | BT38: 668589.46 | BU38: 691701.67 | BV38: 741110.08 | BW38: 827988.13 | BX38: 932425.78 | BY38: 807354.75 | BZ38: 1331699.3 | CA38: 1360018.4 | CB38: 1374603.6 | CC38: 1638066.4 | CD38: 1128171.2 | CE38: 1483415.7 | CF38: 1732006.1 | CG38: 1311944 | CH38: 1603873.6 | CI38: 1396267.4 | CJ38: 1727310.9 | CK38: 2169441.8 | CL38: 2259941.5 | CM38: 2241682.9 | CN38: 2407928.7 | CO38: 2672378.1 | CP38: 2035734 | CQ38: 2697127 | CR38: 2512244.1 | CS38: 2478095.6 | CT38: 3314961.9 | CU38: 2580896.3 | CV38: 2788167.5 | CW38: 3509878.5 | CX38: 3828899.2 | CY38: 3622961.4 | CZ38: 4140685.5 | DA38: 4228492 | DB38: 3506690.8 | DC38: 3860401.4 | DD38: 4114845.2 | DE38: 4071841.9 | DF38: 5555847.4 | DG38: 5497554.6 | DH38: 6461662.2 | DI38: 7022321.6 | DJ38: 8113301 | DK38: 8557948.7 | DL38: 8399036.9 | DM38: 8589622.4 | DN38: 7468589 | DO38: 8508632.8 | DP38: 8922101.3 | DQ38: 7904815.3 | DR38: 10312452 | DS38: 8575032.8 | DT38: 9349749.8 | DU38: 9449648.6 | DV38: 9057715.4 | DW38: 9853715.7 | DX38: 8655209.5 | DY38: 9219173.5 | DZ38: 9303779.3 | EA38: 8389634.3 | EB38: 10351139 | EC38: 7595012.7 | ED38: 10261671 | EE38: 8449476.3 | EF38: 9779400.4 | EG38: 10579342 | EH38: 11699165 | EI38: 12041322 | EJ38: 10047214 | EK38: 11581126 | EL38: 4425950.7 | EM38: 2017860.3 | EN38: 1506797.9 | EO38: 669885.68 | EP38: 358156.43 | EQ38: 0 | ER38: 0 | ES38: 0 | ET38: 0 | EU38: 0 | EV38: 0 | EW38: 0 | EX38: 0 | EY38: 0 | EZ38: 0 | FA38: 0 | FB38: 0 | FC38: 0 | FD38: 0 | FE38: 0 | FF38: 0 | FG38: 0 | FH38: 0 | FI38: 0 | FJ38: 0 | FK38: 0 | FL38: 0 | FM38: 0 | FN38: 0 | FO38: 0 | FP38: 0 | FQ38: 0 | FR38: 0 | FS38: 0 | FT38: 0 | FU38: 0 | FV38: 0 | FW38: 0 | FX38: 0 | FY38: 0 | FZ38: 0 | GA38: 0 | GB38: 0 | GC38: 0 | GD38: 0 | GE38: 0 | GF38: 0 | GG38: 0 | GH38: 0 | GI38: 0 | GJ38: 0 | GK38: 0 | GL38: 0 | GM38: 0 | GN38: 0 | GO38: 0
A39: 120+ | B39: 0 | C39: 0 | D39: 0 | E39: 0 | F39: 0 | G39: 0 | H39: 0 | I39: 0 | J39: 0 | K39: 0 | L39: 0 | M39: 0 | N39: 0 | O39: 0 | P39: 0 | Q39: 0 | R39: 4523.69 | S39: 7234.52 | T39: 11649.6 | U39: 15823.4 | V39: 25121.33 | W39: 0 | X39: 22911.94 | Y39: 23989.91 | Z39: 14199.49 | AA39: 31493.41 | AB39: 17901.99 | AC39: 19385.76 | AD39: 44134.82 | AE39: 12349.27 | AF39: 56567.6 | AG39: 33034.08 | AH39: 60737.2 | AI39: 77548.31 | AJ39: 91511.12 | AK39: 21321.53 | AL39: 32560.92 | AM39: 48205.76 | AN39: 56521.54 | AO39: 48265.27 | AP39: 80863.08 | AQ39: 106342.18 | AR39: 80612.98 | AS39: 98138.59 | AT39: 92659.95 | AU39: 132274.18 | AV39: 149117.71 | AW39: 75371.65 | AX39: 83986.33 | AY39: 103085.03 | AZ39: 56753.28 | BA39: 114024.92 | BB39: 100134.89 | BC39: 146625.04 | BD39: 116191.64 | BE39: 176718.65 | BF39: 168545.65 | BG39: 128670.3 | BH39: 223284.85 | BI39: 217309.42 | BJ39: 245726.68 | BK39: 248718.19 | BL39: 251341.25 | BM39: 227639.48 | BN39: 375288.88 | BO39: 356053.24 | BP39: 397506.91 | BQ39: 501238.96 | BR39: 523813.87 | BS39: 497403.76 | BT39: 718077.62 | BU39: 645645.01 | BV39: 670749.32 | BW39: 713330.9 | BX39: 798897.83 | BY39: 901492.95 | BZ39: 776490.19 | CA39: 1285089.5 | CB39: 1308894.7 | CC39: 1321741.1 | CD39: 1575919.6 | CE39: 1082809 | CF39: 1425183.3 | CG39: 1664616.3 | CH39: 1259247.1 | CI39: 1539659.2 | CJ39: 1338887.4 | CK39: 1651152 | CL39: 2078734.8 | CM39: 2160850.3 | CN39: 2139931.9 | CO39: 2303355 | CP39: 2552677.8 | CQ39: 1944002.7 | CR39: 2573356.2 | CS39: 2400657.4 | CT39: 2365369.5 | CU39: 3165568.2 | CV39: 2463536.3 | CW39: 2653964.7 | CX39: 3342033.5 | CY39: 3651912.6 | CZ39: 3461963.8 | DA39: 3949541.2 | DB39: 4035136.3 | DC39: 3341084.5 | DD39: 3689768.7 | DE39: 3935771.5 | DF39: 3897566.6 | DG39: 5305220 | DH39: 5275904.7 | DI39: 6203367.6 | DJ39: 6736428.9 | DK39: 7783385.7 | DL39: 8202243 | DM39: 8052914.3 | DN39: 8235978.2 | DO39: 7150281.2 | DP39: 8141038.8 | DQ39: 8549600.4 | DR39: 7559364.4 | DS39: 9862057.6 | DT39: 8197309.5 | DU39: 8934266.2 | DV39: 9011645.1 | DW39: 8642796.3 | DX39: 9396644.2 | DY39: 8249065.2 | DZ39: 8773255.1 | EA39: 8891665.7 | EB39: 7982078 | EC39: 9873909.6 | ED39: 7251335 | EE39: 9793957 | EF39: 8050661 | EG39: 9360222.4 | EH39: 10098782 | EI39: 11198637 | EJ39: 11524294 | EK39: 9620501.6 | EL39: 11085771 | EM39: 4217031.2 | EN39: 1912189.7 | EO39: 1418680.8 | EP39: 619651.47 | EQ39: 325024.17 | ER39: 0 | ES39: 0 | ET39: 0 | EU39: 0 | EV39: 0 | EW39: 0 | EX39: 0 | EY39: 0 | EZ39: 0 | FA39: 0 | FB39: 0 | FC39: 0 | FD39: 0 | FE39: 0 | FF39: 0 | FG39: 0 | FH39: 0 | FI39: 0 | FJ39: 0 | FK39: 0 | FL39: 0 | FM39: 0 | FN39: 0 | FO39: 0 | FP39: 0 | FQ39: 0 | FR39: 0 | FS39: 0 | FT39: 0 | FU39: 0 | FV39: 0 | FW39: 0 | FX39: 0 | FY39: 0 | FZ39: 0 | GA39: 0 | GB39: 0 | GC39: 0 | GD39: 0 | GE39: 0 | GF39: 0 | GG39: 0 | GH39: 0 | GI39: 0 | GJ39: 0 | GK39: 0 | GL39: 0 | GM39: 0 | GN39: 0 | GO39: 0
A40: 150+ | B40: 0 | C40: 0 | D40: 0 | E40: 0 | F40: 0 | G40: 0 | H40: 0 | I40: 0 | J40: 0 | K40: 0 | L40: 0 | M40: 0 | N40: 0 | O40: 0 | P40: 0 | Q40: 0 | R40: 0 | S40: 4390.47 | T40: 6971.23 | U40: 11262.03 | V40: 15280 | W40: 24199.62 | X40: 0 | Y40: 21893.44 | Z40: 23039.74 | AA40: 13642.82 | AB40: 30502.85 | AC40: 17085.66 | AD40: 18239.46 | AE40: 42219.55 | AF40: 11763.45 | AG40: 54150.12 | AH40: 31120.9 | AI40: 58628.64 | AJ40: 74916.44 | AK40: 87014.48 | AL40: 20572.31 | AM40: 31434.96 | AN40: 45284.76 | AO40: 54572.34 | AP40: 46357.68 | AQ40: 77597.84 | AR40: 102256.41 | AS40: 77626.27 | AT40: 94240.47 | AU40: 88523.52 | AV40: 126312.27 | AW40: 143550.13 | AX40: 73118.85 | AY40: 81019.14 | AZ40: 99294.69 | BA40: 54108.8 | BB40: 110885.86 | BC40: 95899.69 | BD40: 140185.67 | BE40: 111881.04 | BF40: 170472.25 | BG40: 162914.92 | BH40: 123799.18 | BI40: 214673.24 | BJ40: 209751.1 | BK40: 238539.97 | BL40: 239982.96 | BM40: 244074.38 | BN40: 220143.58 | BO40: 363259.62 | BP40: 343196.27 | BQ40: 385781.42 | BR40: 486117.14 | BS40: 501781.52 | BT40: 480608.21 | BU40: 695365.5 | BV40: 622958.01 | BW40: 649582.89 | BX40: 685405.79 | BY40: 769512.51 | BZ40: 870672.71 | CA40: 745311.33 | CB40: 1238007.1 | CC40: 1257243.4 | CD40: 1268667.9 | CE40: 1513151.4 | CF40: 1038693.1 | CG40: 1366362.7 | CH40: 1596548.8 | CI40: 1206021.3 | CJ40: 1474788.7 | CK40: 1281766.8 | CL40: 1575219.1 | CM40: 1987113.4 | CN40: 2061327.1 | CO40: 2037508.6 | CP40: 2198879.5 | CQ40: 2432801.4 | CR40: 1852421.7 | CS40: 2449644.6 | CT40: 2287959.1 | CU40: 2251856.5 | CV40: 3016124.8 | CW40: 2346792 | CX40: 2519617.5 | CY40: 3175124.5 | CZ40: 3475154.2 | DA40: 3300245.1 | DB40: 3760569.3 | DC40: 3841921.8 | DD40: 3177368.9 | DE40: 3518420.9 | DF40: 3756415.6 | DG40: 3724354.8 | DH40: 5055782.3 | DI40: 5053545.6 | DJ40: 5947378.6 | DK40: 6450600.3 | DL40: 7453990.7 | DM40: 7846747.9 | DN40: 7706545.1 | DO40: 7882951.7 | DP40: 6832258.6 | DQ40: 7772845.4 | DR40: 8181184.5 | DS40: 7214596.7 | DT40: 9411204.5 | DU40: 7824207.3 | DV40: 8517160.8 | DW40: 8577185.7 | DX40: 8227928.1 | DY40: 8936377.1 | DZ40: 7845329.8 | EA40: 8326738.3 | EB40: 8478923 | EC40: 7579276.6 | ED40: 9399040.8 | EE40: 6907773.5 | EF40: 9332127.6 | EG40: 7655863.9 | EH40: 8942353.4 | EI40: 9628879.4 | EJ40: 10702707 | EK40: 11015782 | EL40: 9197951.8 | EM40: 10596428 | EN40: 4013782.8 | EO40: 1809231.4 | EP40: 1330687 | EQ40: 571905.99 | ER40: 293632.52 | ES40: 0 | ET40: 0 | EU40: 0 | EV40: 0 | EW40: 0 | EX40: 0 | EY40: 0 | EZ40: 0 | FA40: 0 | FB40: 0 | FC40: 0 | FD40: 0 | FE40: 0 | FF40: 0 | FG40: 0 | FH40: 0 | FI40: 0 | FJ40: 0 | FK40: 0 | FL40: 0 | FM40: 0 | FN40: 0 | FO40: 0 | FP40: 0 | FQ40: 0 | FR40: 0 | FS40: 0 | FT40: 0 | FU40: 0 | FV40: 0 | FW40: 0 | FX40: 0 | FY40: 0 | FZ40: 0 | GA40: 0 | GB40: 0 | GC40: 0 | GD40: 0 | GE40: 0 | GF40: 0 | GG40: 0 | GH40: 0 | GI40: 0 | GJ40: 0 | GK40: 0 | GL40: 0 | GM40: 0 | GN40: 0 | GO40: 0
A41: 180+ | B41: 0 | C41: 0 | D41: 0 | E41: 0 | F41: 0 | G41: 0 | H41: 0 | I41: 0 | J41: 0 | K41: 0 | L41: 0 | M41: 0 | N41: 0 | O41: 0 | P41: 0 | Q41: 0 | R41: 0 | S41: 0 | T41: 4256.13 | U41: 6705.9 | V41: 10871.31 | W41: 14731.74 | X41: 23270.36 | Y41: 0 | Z41: 20866.92 | AA41: 22081.29 | AB41: 13081.27 | AC41: 29502.87 | AD41: 16262.26 | AE41: 17083.52 | AF41: 40287.28 | AG41: 11172.58 | AH41: 51710.76 | AI41: 29191.38 | AJ41: 56499.28 | AK41: 72260.04 | AL41: 82477.73 | AM41: 19816 | AN41: 30297.91 | AO41: 42418.53 | AP41: 52604.45 | AQ41: 44432.21 | AR41: 74301.69 | AS41: 98131.24 | AT41: 74610.13 | AU41: 90304.84 | AV41: 84347.5 | AW41: 120291.74 | AX41: 137930.72 | AY41: 70845 | AZ41: 78024.57 | BA41: 95469.11 | BB41: 51439.97 | BC41: 107718.98 | BD41: 91624.63 | BE41: 133684.92 | BF41: 107795.51 | BG41: 164168.45 | BH41: 157233.77 | BI41: 118882.73 | BJ41: 205983.57 | BK41: 202123.55 | BL41: 231286.91 | BM41: 231166.24 | BN41: 236740.91 | BO41: 212722.58 | BP41: 351115.6 | BQ41: 330390.07 | BR41: 373940.03 | BS41: 470851.12 | BT41: 480841.88 | BU41: 463651.79 | BV41: 672424.07 | BW41: 600279.07 | BX41: 628200.19 | BY41: 657202.01 | BZ41: 740467 | CA41: 839591.35 | CB41: 713814.93 | CC41: 1190769.9 | CD41: 1205757.4 | CE41: 1215056.9 | CF41: 1449950.1 | CG41: 994290.83 | CH41: 1307187.1 | CI41: 1528630.5 | CJ41: 1152261.1 | CK41: 1409610.4 | CL41: 1224442.4 | CM41: 1498508.6 | CN41: 1895564.9 | CO41: 1961095 | CP41: 1936251.3 | CQ41: 2094022.4 | CR41: 2312569.1 | CS41: 1759930.1 | CT41: 2326308.9 | CU41: 2175396.7 | CV41: 2138769.2 | CW41: 2867760.9 | CX41: 2229746 | CY41: 2384916.2 | CZ41: 3008815.1 | DA41: 3298667.1 | DB41: 3140995.9 | DC41: 3571568.6 | DD41: 3650960.5 | DE41: 3016038.9 | DF41: 3346796.5 | DG41: 3579087 | DH41: 3553324.5 | DI41: 4808019.5 | DJ41: 4831912.4 | DK41: 5695350 | DL41: 6165209.2 | DM41: 7124040.8 | DN41: 7491124.3 | DO41: 7360719.8 | DP41: 7529410.8 | DQ41: 6514250.9 | DR41: 7407501.2 | DS41: 7813837.5 | DT41: 6873736.2 | DU41: 8961617.9 | DV41: 7449264.6 | DW41: 8105749 | DX41: 8143063.1 | DY41: 7811273.6 | DZ41: 8481324.7 | EA41: 7445510.4 | EB41: 7881322.1 | EC41: 8064686.3 | ED41: 7180519.2 | EE41: 8924598.1 | EF41: 6568021.1 | EG41: 8872617.9 | EH41: 7263320.2 | EI41: 8527858.4 | EJ41: 9164681 | EK41: 10213718 | EL41: 10510021 | EM41: 8781349.5 | EN41: 10117053 | EO41: 3814574.6 | EP41: 1708255.5 | EQ41: 1244076.2 | ER41: 524223.81 | ES41: 264961.29 | ET41: 0 | EU41: 0 | EV41: 0 | EW41: 0 | EX41: 0 | EY41: 0 | EZ41: 0 | FA41: 0 | FB41: 0 | FC41: 0 | FD41: 0 | FE41: 0 | FF41: 0 | FG41: 0 | FH41: 0 | FI41: 0 | FJ41: 0 | FK41: 0 | FL41: 0 | FM41: 0 | FN41: 0 | FO41: 0 | FP41: 0 | FQ41: 0 | FR41: 0 | FS41: 0 | FT41: 0 | FU41: 0 | FV41: 0 | FW41: 0 | FX41: 0 | FY41: 0 | FZ41: 0 | GA41: 0 | GB41: 0 | GC41: 0 | GD41: 0 | GE41: 0 | GF41: 0 | GG41: 0 | GH41: 0 | GI41: 0 | GJ41: 0 | GK41: 0 | GL41: 0 | GM41: 0 | GN41: 0 | GO41: 0
A42: GCO | B42: 0 | C42: 0 | D42: 0 | E42: 0 | F42: 0 | G42: 0 | H42: 0 | I42: 0 | J42: 0 | K42: 0 | L42: 0 | M42: 0 | N42: 0 | O42: 0 | P42: 0 | Q42: 0 | R42: 0 | S42: 0 | T42: 0 | U42: 4120.67 | V42: 6438.5 | W42: 10477.41 | X42: 14178.59 | Y42: 22333.49 | Z42: 0 | AA42: 19832.31 | AB42: 21114.47 | AC42: 12514.81 | AD42: 28493.38 | AE42: 15431.72 | AF42: 15917.84 | AG42: 38337.85 | AH42: 10576.61 | AI42: 49249.32 | AJ42: 27245.38 | AK42: 54348.92 | AL42: 69578.86 | AM42: 77900.5 | AN42: 19052.52 | AO42: 29149.67 | AP42: 39527.27 | AQ42: 50617.71 | AR42: 42488.68 | AS42: 70974.34 | AT42: 93966.3 | AU42: 71564.28 | AV42: 86331.33 | AW42: 80131.5 | AX42: 114212 | AY42: 132259 | AZ42: 68549.91 | BA42: 75002.36 | BB42: 91607.95 | BC42: 48746.56 | BD42: 104524.03 | BE42: 87309.35 | BF42: 127122.22 | BG42: 103672 | BH42: 157806.72 | BI42: 151501.74 | BJ42: 113920.53 | BK42: 197215.15 | BL42: 194505.34 | BM42: 223966.87 | BN42: 222936.62 | BO42: 229340.24 | BP42: 205229.51 | BQ42: 338855.74 | BR42: 318130.63 | BS42: 361981.6 | BT42: 455768.59 | BU42: 460523.25 | BV42: 447262.58 | BW42: 649572.2 | BX42: 577534.47 | BY42: 606598.98 | BZ42: 628716.73 | CA42: 711126.21 | CB42: 808196.47 | CC42: 682159.9 | CD42: 1143507.4 | CE42: 1153737.7 | CF42: 1161031.8 | CG42: 1386538.3 | CH42: 949734.48 | CI42: 1247413.7 | CJ42: 1460183.2 | CK42: 1097961.3 | CL42: 1343765.3 | CM42: 1166549 | CN42: 1421012.4 | CO42: 1803751.3 | CP42: 1861378.9 | CQ42: 1834913.1 | CR42: 1988672.4 | CS42: 2191959.2 | CT42: 1668955.2 | CU42: 2203704.5 | CV42: 2063581.4 | CW42: 2026943.4 | CX42: 2720837.6 | CY42: 2113286.5 | CZ42: 2250176.4 | DA42: 2844405.9 | DB42: 3123432.9 | DC42: 2982212.5 | DD42: 3384968.5 | DE42: 3462627.2 | DF42: 2856075 | DG42: 3177059.3 | DH42: 3405620.1 | DI42: 3385663.3 | DJ42: 4559743.9 | DK42: 4611436.1 | DL42: 5444562.7 | DM42: 5879196.8 | DN42: 6798706.1 | DO42: 7139761.9 | DP42: 7015505.7 | DQ42: 7179350.5 | DR42: 6197743.8 | DS42: 7043818.8 | DT42: 7448498.9 | DU42: 6536724.4 | DV42: 8509283.7 | DW42: 7077423.5 | DX42: 7694046.5 | DY42: 7708489 | DZ42: 7397485.5 | EA42: 8026941.9 | EB42: 7047423.4 | EC42: 7442892.2 | ED42: 7653842.9 | EE42: 6782673.3 | EF42: 8458046.7 | EG42: 6231958.6 | EH42: 8417059.5 | EI42: 6879294.1 | EJ42: 8118907.2 | EK42: 8708596 | EL42: 9727512.7 | EM42: 10015606 | EN42: 8377625.5 | EO42: 9639026.5 | EP42: 3618404.3 | EQ42: 1611335.3 | ER42: 1160532.8 | ES42: 479070.98 | ET42: 238657.36 | EU42: 0 | EV42: 0 | EW42: 0 | EX42: 0 | EY42: 0 | EZ42: 0 | FA42: 0 | FB42: 0 | FC42: 0 | FD42: 0 | FE42: 0 | FF42: 0 | FG42: 0 | FH42: 0 | FI42: 0 | FJ42: 0 | FK42: 0 | FL42: 0 | FM42: 0 | FN42: 0 | FO42: 0 | FP42: 0 | FQ42: 0 | FR42: 0 | FS42: 0 | FT42: 0 | FU42: 0 | FV42: 0 | FW42: 0 | FX42: 0 | FY42: 0 | FZ42: 0 | GA42: 0 | GB42: 0 | GC42: 0 | GD42: 0 | GE42: 0 | GF42: 0 | GG42: 0 | GH42: 0 | GI42: 0 | GJ42: 0 | GK42: 0 | GL42: 0 | GM42: 0 | GN42: 0 | GO42: 0
A44: Grade B - Flow Rates
A45: FR 30 | D45: 0 | E45: 0 | F45: 0 | G45: 0 | H45: 0 | I45: 0 | J45: 0 | K45: 0 | L45: 0 | M45: 0 | N45: 0 | O45: 0.001662 | P45: 0.002664 | Q45: 0.004343 | R45: 0.006072 | S45: 0.009496 | T45: 0 | U45: 0.006702 | V45: 0.006198 | W45: 0.003601 | X45: 0.007674 | Y45: 0.004342 | Z45: 0.004045 | AA45: 0.007481 | AB45: 0.001873 | AC45: 0.007341 | AD45: 0.003861 | AE45: 0.005788 | AF45: 0.006577 | AG45: 0.006964 | AH45: 0.001413 | AI45: 0.001923 | AJ45: 0.002796 | AK45: 0.002696 | AL45: 0.002131 | AM45: 0.003348 | AN45: 0.004037 | AO45: 0.002831 | AP45: 0.003252 | AQ45: 0.002926 | AR45: 0.004011 | AS45: 0.004248 | AT45: 0.001994 | AU45: 0.002128 | AV45: 0.002506 | AW45: 0.001319 | AX45: 0.002381 | AY45: 0.002038 | AZ45: 0.002838 | BA45: 0.002063 | BB45: 0.002872 | BC45: 0.002527 | BD45: 0.001803 | BE45: 0.002919 | BF45: 0.002594 | BG45: 0.00269 | BH45: 0.002539 | BI45: 0.002312 | BJ45: 0.001973 | BK45: 0.003034 | BL45: 0.002651 | BM45: 0.002629 | BN45: 0.002989 | BO45: 0.00293 | BP45: 0.002506 | BQ45: 0.003272 | BR45: 0.00267 | BS45: 0.002451 | BT45: 0.002429 | BU45: 0.002488 | BV45: 0.00259 | BW45: 0.00209 | BX45: 0.003155 | BY45: 0.003002 | BZ45: 0.002832 | CA45: 0.00312 | CB45: 0.002015 | CC45: 0.002484 | CD45: 0.002741 | CE45: 0.001993 | CF45: 0.002334 | CG45: 0.001944 | CH45: 0.00233 | CI45: 0.002844 | CJ45: 0.002786 | CK45: 0.002708 | CL45: 0.002923 | CM45: 0.002985 | CN45: 0.00219 | CO45: 0.002933 | CP45: 0.002546 | CQ45: 0.002447 | CR45: 0.003171 | CS45: 0.002352 | CT45: 0.002471 | CU45: 0.003032 | CV45: 0.003083 | CW45: 0.002788 | CX45: 0.003128 | CY45: 0.00297 | CZ45: 0.002379 | DA45: 0.002479 | DB45: 0.002573 | DC45: 0.00244 | DD45: 0.003173 | DE45: 0.00314 | DF45: 0.003731 | DG45: 0.004074 | DH45: 0.004758 | DI45: 0.005044 | DJ45: 0.005069 | DK45: 0.005273 | DL45: 0.004688 | DM45: 0.005462 | DN45: 0.005873 | DO45: 0.005421 | DP45: 0.00726 | DQ45: 0.006345 | DR45: 0.007149 | DS45: 0.007532 | DT45: 0.007558 | DU45: 0.008582 | DV45: 0.007941 | DW45: 0.00889 | DX45: 0.009357 | DY45: 0.008996 | DZ45: 0.011769 | EA45: 0.009347 | EB45: 0.013573 | EC45: 0.012356 | ED45: 0.015483 | EE45: 0.018836 | EF45: 0.023663 | EG45: 0.028426 | EH45: 0.02883 | EI45: 0.040195 | EJ45: 0.020009 | EK45: 0.012104 | EL45: 0.012861 | EM45: 0.010279 | EN45: 0.017981 | EO45: 0 | EP45: 0 | EQ45: 0 | ER45: 0 | ES45: 0 | ET45: 0 | EU45: 0 | EV45: 0 | EW45: 0 | EX45: 0 | EY45: 0 | EZ45: 0 | FA45: 0 | FB45: 0 | FC45: 0 | FD45: 0 | FE45: 0 | FF45: 0 | FG45: 0 | FH45: 0 | FI45: 0 | FJ45: 0 | FK45: 0 | FL45: 0 | FM45: 0 | FN45: 0 | FO45: 0 | FP45: 0 | FQ45: 0 | FR45: 0 | FS45: 0 | FT45: 0 | FU45: 0 | FV45: 0 | FW45: 0 | FX45: 0 | FY45: 0 | FZ45: 0 | GA45: 0 | GB45: 0 | GC45: 0 | GD45: 0 | GE45: 0 | GF45: 0 | GG45: 0 | GH45: 0 | GI45: 0 | GJ45: 0 | GK45: 0 | GL45: 0 | GM45: 0 | GN45: 0 | GO45: 0
A46: FR 60 | P46: 0.973577 | Q46: 0.967894 | R46: 0.970433 | S46: 0.969635 | T46: 0.967695 | V46: 0.96162 | W46: 0.965447 | X46: 0.965766 | Y46: 0.972019 | Z46: 0.960831 | AA46: 0.950902 | AB46: 0.962532 | AC46: 0.959443 | AD46: 0.963056 | AE46: 0.95178 | AF46: 0.969415 | AG46: 0.969993 | AH46: 0.958207 | AI46: 0.969044 | AJ46: 0.969522 | AK46: 0.949912 | AL46: 0.969575 | AM46: 0.965574 | AN46: 0.964916 | AO46: 0.966462 | AP46: 0.96756 | AQ46: 0.965444 | AR46: 0.961655 | AS46: 0.961356 | AT46: 0.965987 | AU46: 0.971233 | AV46: 0.96887 | AW46: 0.967732 | AX46: 0.960139 | AY46: 0.975202 | AZ46: 0.963431 | BA46: 0.959748 | BB46: 0.967474 | BC46: 0.968853 | BD46: 0.96875 | BE46: 0.966873 | BF46: 0.966292 | BG46: 0.969303 | BH46: 0.972895 | BI46: 0.969045 | BJ46: 0.974076 | BK46: 0.970245 | BL46: 0.97069 | BM46: 0.968235 | BN46: 0.973647 | BO46: 0.972502 | BP46: 0.963442 | BQ46: 0.969583 | BR46: 0.971921 | BS46: 0.968268 | BT46: 0.971015 | BU46: 0.965591 | BV46: 0.967672 | BW46: 0.969177 | BX46: 0.965041 | BY46: 0.967911 | BZ46: 0.96549 | CA46: 0.964594 | CB46: 0.965259 | CC46: 0.963299 | CD46: 0.963965 | CE46: 0.964342 | CF46: 0.963089 | CG46: 0.963636 | CH46: 0.962726 | CI46: 0.96013 | CJ46: 0.961622 | CK46: 0.960327 | CL46: 0.959005 | CM46: 0.960578 | CN46: 0.959358 | CO46: 0.958694 | CP46: 0.958141 | CQ46: 0.95938 | CR46: 0.958746 | CS46: 0.959147 | CT46: 0.958869 | CU46: 0.956163 | CV46: 0.956786 | CW46: 0.957438 | CX46: 0.959545 | CY46: 0.958027 | CZ46: 0.958198 | DA46: 0.956529 | DB46: 0.959208 | DC46: 0.959664 | DD46: 0.960445 | DE46: 0.958534 | DF46: 0.962743 | DG46: 0.96322 | DH46: 0.962258 | DI46: 0.962386 | DJ46: 0.961435 | DK46: 0.961943 | DL46: 0.961955 | DM46: 0.960433 | DN46: 0.960289 | DO46: 0.961759 | DP46: 0.959635 | DQ46: 0.959885 | DR46: 0.9593 | DS46: 0.95931 | DT46: 0.957974 | DU46: 0.957842 | DV46: 0.957447 | DW46: 0.95743 | DX46: 0.955719 | DY46: 0.959121 | DZ46: 0.955883 | EA46: 0.957713 | EB46: 0.958063 | EC46: 0.958412 | ED46: 0.956389 | EE46: 0.959891 | EF46: 0.958048 | EG46: 0.959991 | EH46: 0.959768 | EI46: 0.960085 | EJ46: 0.959821 | EK46: 0.95555 | EL46: 0.94934 | EM46: 0.944214 | EN46: 0.933013 | EO46: 0.921469
A47: FR 90 | Q47: 0.972632 | R47: 0.966571 | S47: 0.969285 | T47: 0.968404 | U47: 0.966343 | W47: 0.959774 | X47: 0.963898 | Y47: 0.964242 | Z47: 0.970939 | AA47: 0.958882 | AB47: 0.947932 | AC47: 0.960728 | AD47: 0.957364 | AE47: 0.961291 | AF47: 0.948904 | AG47: 0.968139 | AH47: 0.968776 | AI47: 0.955995 | AJ47: 0.967752 | AK47: 0.968254 | AL47: 0.946811 | AM47: 0.968319 | AN47: 0.964013 | AO47: 0.963296 | AP47: 0.964963 | AQ47: 0.966142 | AR47: 0.963863 | AS47: 0.959745 | AT47: 0.959407 | AU47: 0.965863 | AV47: 0.970106 | AW47: 0.967574 | AX47: 0.966346 | AY47: 0.958102 | AZ47: 0.974346 | BA47: 0.961686 | BB47: 0.957661 | BC47: 0.966067 | BD47: 0.967556 | BE47: 0.967452 | BF47: 0.96542 | BG47: 0.9648 | BH47: 0.96804 | BI47: 0.971882 | BJ47: 0.967759 | BK47: 0.973142 | BL47: 0.969035 | BM47: 0.969516 | BN47: 0.966895 | BO47: 0.972666 | BP47: 0.971455 | BQ47: 0.961694 | BR47: 0.968329 | BS47: 0.970818 | BT47: 0.967133 | BU47: 0.969845 | BV47: 0.964009 | BW47: 0.966388 | BX47: 0.967877 | BY47: 0.963406 | BZ47: 0.966511 | CA47: 0.963889 | CB47: 0.963151 | CC47: 0.963796 | CD47: 0.961678 | CE47: 0.962342 | CF47: 0.962652 | CG47: 0.96129 | CH47: 0.961879 | CI47: 0.960899 | CJ47: 0.958049 | CK47: 0.960251 | CL47: 0.95827 | CM47: 0.956994 | CN47: 0.958773 | CO47: 0.957536 | CP47: 0.957035 | CQ47: 0.956232 | CR47: 0.957491 | CS47: 0.956748 | CT47: 0.957153 | CU47: 0.956906 | CV47: 0.953812 | CW47: 0.954614 | CX47: 0.955842 | CY47: 0.957717 | CZ47: 0.956213 | DA47: 0.956245 | DB47: 0.954347 | DC47: 0.957491 | DD47: 0.958052 | DE47: 0.958706 | DF47: 0.956741 | DG47: 0.96123 | DH47: 0.96172 | DI47: 0.960844 | DJ47: 0.960716 | DK47: 0.960007 | DL47: 0.960434 | DM47: 0.960654 | DN47: 0.958778 | DO47: 0.95848 | DP47: 0.960063 | DQ47: 0.958144 | DR47: 0.95809 | DS47: 0.957502 | DT47: 0.957586 | DU47: 0.956067 | DV47: 0.955682 | DW47: 0.955596 | DX47: 0.955487 | DY47: 0.953538 | DZ47: 0.957379 | EA47: 0.953641 | EB47: 0.95576 | EC47: 0.956617 | ED47: 0.956453 | EE47: 0.954369 | EF47: 0.958652 | EG47: 0.956497 | EH47: 0.95831 | EI47: 0.958493 | EJ47: 0.958641 | EK47: 0.958848 | EL47: 0.953913 | EM47: 0.948218 | EN47: 0.943331 | EO47: 0.92914 | EP47: 0.915098
A48: FR 120 | R48: 0.971625 | S48: 0.965146 | T48: 0.968054 | U48: 0.967082 | V48: 0.964886 | X48: 0.957758 | Y48: 0.962219 | Z48: 0.962591 | AA48: 0.969785 | AB48: 0.956747 | AC48: 0.94461 | AD48: 0.95876 | AE48: 0.955081 | AF48: 0.959368 | AG48: 0.945693 | AH48: 0.966766 | AI48: 0.967469 | AJ48: 0.953559 | AK48: 0.966362 | AL48: 0.966891 | AM48: 0.943333 | AN48: 0.96697 | AO48: 0.962319 | AP48: 0.961537 | AQ48: 0.963341 | AR48: 0.96461 | AS48: 0.962147 | AT48: 0.957655 | AU48: 0.957274 | AV48: 0.964327 | AW48: 0.968899 | AX48: 0.966178 | AY48: 0.96485 | AZ48: 0.955867 | BA48: 0.973437 | BB48: 0.959784 | BC48: 0.955368 | BD48: 0.964547 | BE48: 0.96616 | BF48: 0.96795 | BG48: 0.963848 | BH48: 0.963186 | BI48: 0.966683 | BJ48: 0.971837 | BK48: 0.966374 | BL48: 0.972148 | BM48: 0.967735 | BN48: 0.968257 | BO48: 0.965451 | BP48: 0.97162 | BQ48: 0.970336 | BR48: 0.960002 | BS48: 0.967636 | BT48: 0.969638 | BU48: 0.965682 | BV48: 0.969709 | BW48: 0.962517 | BX48: 0.964866 | BY48: 0.966825 | BZ48: 0.961771 | CA48: 0.965 | CB48: 0.96241 | CC48: 0.961543 | CD48: 0.962061 | CE48: 0.959791 | CF48: 0.960744 | CG48: 0.961091 | CH48: 0.959833 | CI48: 0.959963 | CJ48: 0.958905 | CK48: 0.955909 | CL48: 0.958189 | CM48: 0.956153 | CN48: 0.95461 | CO48: 0.956571 | CP48: 0.955208 | CQ48: 0.954939 | CR48: 0.95411 | CS48: 0.955583 | CT48: 0.954511 | CU48: 0.954934 | CV48: 0.954527 | CW48: 0.951867 | CX48: 0.952179 | CY48: 0.953776 | CZ48: 0.955562 | DA48: 0.953838 | DB48: 0.954273 | DC48: 0.952774 | DD48: 0.955799 | DE48: 0.956481 | DF48: 0.9572 | DG48: 0.954889 | DH48: 0.959682 | DI48: 0.960027 | DJ48: 0.959288 | DK48: 0.959336 | DL48: 0.958436 | DM48: 0.95879 | DN48: 0.958829 | DO48: 0.95738 | DP48: 0.956798 | DQ48: 0.95825 | DR48: 0.956299 | DS48: 0.956325 | DT48: 0.955951 | DU48: 0.955562 | DV48: 0.953649 | DW48: 0.954192 | DX48: 0.953614 | DY48: 0.953075 | DZ48: 0.951631 | EA48: 0.955705 | EB48: 0.951421 | EC48: 0.953896 | ED48: 0.95475 | EE48: 0.954421 | EF48: 0.9528 | EG48: 0.957137 | EH48: 0.954576 | EI48: 0.957217 | EJ48: 0.957062 | EK48: 0.957529 | EL48: 0.957227 | EM48: 0.952797 | EN48: 0.947632 | EO48: 0.94152 | EP48: 0.925011 | EQ48: 0.907492
A49: FR 150 | S49: 0.970551 | T49: 0.963607 | U49: 0.966731 | V49: 0.965658 | W49: 0.96331 | Y49: 0.955547 | Z49: 0.960393 | AA49: 0.960797 | AB49: 0.968547 | AC49: 0.9544 | AD49: 0.940869 | AE49: 0.956604 | AF49: 0.952563 | AG49: 0.957264 | AH49: 0.942085 | AI49: 0.965284 | AJ49: 0.966062 | AK49: 0.950862 | AL49: 0.964861 | AM49: 0.96542 | AN49: 0.939406 | AO49: 0.965514 | AP49: 0.960477 | AQ49: 0.95962 | AR49: 0.961579 | AS49: 0.96295 | AT49: 0.960279 | AU49: 0.955359 | AV49: 0.954928 | AW49: 0.962663 | AX49: 0.970111 | AY49: 0.964671 | AZ49: 0.963231 | BA49: 0.953404 | BB49: 0.97247 | BC49: 0.957705 | BD49: 0.956083 | BE49: 0.962901 | BF49: 0.964653 | BG49: 0.966592 | BH49: 0.962143 | BI49: 0.961432 | BJ49: 0.965219 | BK49: 0.970753 | BL49: 0.964879 | BM49: 0.971088 | BN49: 0.967071 | BO49: 0.967947 | BP49: 0.96389 | BQ49: 0.970502 | BR49: 0.969831 | BS49: 0.957939 | BT49: 0.966234 | BU49: 0.968371 | BV49: 0.964862 | BW49: 0.968444 | BX49: 0.960853 | BY49: 0.963218 | BZ49: 0.965812 | CA49: 0.959846 | CB49: 0.963363 | CC49: 0.960538 | CD49: 0.959846 | CE49: 0.96017 | CF49: 0.959258 | CG49: 0.958728 | CH49: 0.959109 | CI49: 0.957732 | CJ49: 0.957867 | CK49: 0.957337 | CL49: 0.954012 | CM49: 0.955924 | CN49: 0.953943 | CO49: 0.952137 | CP49: 0.954642 | CQ49: 0.953039 | CR49: 0.95289 | CS49: 0.951926 | CT49: 0.953055 | CU49: 0.95201 | CV49: 0.952791 | CW49: 0.952611 | CX49: 0.949379 | CY49: 0.950058 | CZ49: 0.951598 | DA49: 0.953287 | DB49: 0.952153 | DC49: 0.952117 | DD49: 0.950999 | DE49: 0.953561 | DF49: 0.954429 | DG49: 0.955559 | DH49: 0.952983 | DI49: 0.957854 | DJ49: 0.958734 | DK49: 0.95757 | DL49: 0.95768 | DM49: 0.956659 | DN49: 0.956988 | DO49: 0.957136 | DP49: 0.955523 | DQ49: 0.954773 | DR49: 0.956908 | DS49: 0.954392 | DT49: 0.954284 | DU49: 0.954485 | DV49: 0.953314 | DW49: 0.951789 | DX49: 0.951998 | DY49: 0.951018 | DZ49: 0.951057 | EA49: 0.949105 | EB49: 0.953581 | EC49: 0.949537 | ED49: 0.951907 | EE49: 0.952621 | EF49: 0.952845 | EG49: 0.950961 | EH49: 0.955357 | EI49: 0.953469 | EJ49: 0.955715 | EK49: 0.955875 | EL49: 0.956078 | EM49: 0.955858 | EN49: 0.951803 | EO49: 0.946157 | EP49: 0.937975 | EQ49: 0.922948 | ER49: 0.903417
A50: FR 180 | T50: 0.969403 | U50: 0.961939 | V50: 0.965306 | W50: 0.964119 | X50: 0.9616 | Z50: 0.953113 | AA50: 0.9584 | AB50: 0.958839 | AC50: 0.967217 | AD50: 0.951807 | AE50: 0.936624 | AF50: 0.954233 | AG50: 0.94977 | AH50: 0.954952 | AI50: 0.937999 | AJ50: 0.963681 | AK50: 0.964542 | AL50: 0.947862 | AM50: 0.963236 | AN50: 0.963829 | AO50: 0.936707 | AP50: 0.96394 | AQ50: 0.958465 | AR50: 0.957523 | AS50: 0.959659 | AT50: 0.961145 | AU50: 0.958238 | AV50: 0.952826 | AW50: 0.952336 | AX50: 0.960854 | AY50: 0.968902 | AZ50: 0.963039 | BA50: 0.961472 | BB50: 0.950677 | BC50: 0.97144 | BD50: 0.955422 | BE50: 0.953628 | BF50: 0.963483 | BG50: 0.963022 | BH50: 0.965128 | BI50: 0.960287 | BJ50: 0.959521 | BK50: 0.963635 | BL50: 0.969594 | BM50: 0.963261 | BN50: 0.969954 | BO50: 0.96629 | BP50: 0.966569 | BQ50: 0.962685 | BR50: 0.969305 | BS50: 0.968596 | BT50: 0.958269 | BU50: 0.964719 | BV50: 0.967008 | BW50: 0.963595 | BX50: 0.967082 | BY50: 0.958851 | BZ50: 0.962255 | CA50: 0.964302 | CB50: 0.957741 | CC50: 0.961844 | CD50: 0.959048 | CE50: 0.957742 | CF50: 0.958232 | CG50: 0.957252 | CH50: 0.956691 | CI50: 0.957459 | CJ50: 0.955424 | CK50: 0.955805 | CL50: 0.955277 | CM50: 0.951302 | CN50: 0.953929 | CO50: 0.951375 | CP50: 0.950303 | CQ50: 0.952313 | CR50: 0.950579 | CS50: 0.95007 | CT50: 0.949652 | CU50: 0.950802 | CV50: 0.94978 | CW50: 0.95081 | CX50: 0.950125 | CY50: 0.946539 | CZ50: 0.947621 | DA50: 0.949215 | DB50: 0.951746 | DC50: 0.949741 | DD50: 0.950295 | DE50: 0.949225 | DF50: 0.951221 | DG50: 0.952793 | DH50: 0.954078 | DI50: 0.950994 | DJ50: 0.956143 | DK50: 0.957624 | DL50: 0.955757 | DM50: 0.955735 | DN50: 0.954679 | DO50: 0.955126 | DP50: 0.955151 | DQ50: 0.953455 | DR50: 0.952997 | DS50: 0.955099 | DT50: 0.952754 | DU50: 0.952229 | DV50: 0.952079 | DW50: 0.951696 | DX50: 0.949386 | DY50: 0.949361 | DZ50: 0.949079 | EA50: 0.949037 | EB50: 0.946508 | EC50: 0.951145 | ED50: 0.947388 | EE50: 0.949522 | EF50: 0.950816 | EG50: 0.95076 | EH50: 0.948726 | EI50: 0.953648 | EJ50: 0.951791 | EK50: 0.954312 | EL50: 0.954088 | EM50: 0.954707 | EN50: 0.954761 | EO50: 0.950369 | EP50: 0.944189 | EQ50: 0.934913 | ER50: 0.916626 | ES50: 0.902357
A51: FR GCO | U51: 0.968172 | V51: 0.960125 | W51: 0.963767 | X51: 0.962452 | Y51: 0.95974 | AA51: 0.950419 | AB51: 0.956215 | AC51: 0.956696 | AD51: 0.965783 | AE51: 0.948929 | AF51: 0.931766 | AG51: 0.951612 | AH51: 0.946658 | AI51: 0.9524 | AJ51: 0.933337 | AK51: 0.96194 | AL51: 0.962895 | AM51: 0.944503 | AN51: 0.961471 | AO51: 0.962102 | AP51: 0.93184 | AQ51: 0.962232 | AR51: 0.956259 | AS51: 0.955218 | AT51: 0.957557 | AU51: 0.959176 | AV51: 0.955999 | AW51: 0.950016 | AX51: 0.949458 | AY51: 0.95888 | AZ51: 0.967604 | BA51: 0.961266 | BB51: 0.959556 | BC51: 0.94764 | BD51: 0.97034 | BE51: 0.952903 | BF51: 0.950909 | BG51: 0.961747 | BH51: 0.961249 | BI51: 0.963545 | BJ51: 0.95826 | BK51: 0.957431 | BL51: 0.962309 | BM51: 0.968351 | BN51: 0.9644 | BO51: 0.968739 | BP51: 0.964775 | BQ51: 0.965083 | BR51: 0.962894 | BS51: 0.96802 | BT51: 0.967968 | BU51: 0.957744 | BV51: 0.964652 | BW51: 0.966016 | BX51: 0.96211 | BY51: 0.965614 | BZ51: 0.956657 | CA51: 0.960375 | CB51: 0.962607 | CC51: 0.955654 | CD51: 0.960309 | CE51: 0.956857 | CF51: 0.955537 | CG51: 0.956266 | CH51: 0.955188 | CI51: 0.954273 | CJ51: 0.955223 | CK51: 0.952875 | CL51: 0.953288 | CM51: 0.952719 | CN51: 0.948284 | CO51: 0.951564 | CP51: 0.949153 | CQ51: 0.947663 | CR51: 0.94969 | CS51: 0.947846 | CT51: 0.948308 | CU51: 0.947297 | CV51: 0.9486 | CW51: 0.947715 | CX51: 0.948767 | CY51: 0.94777 | CZ51: 0.943503 | DA51: 0.945357 | DB51: 0.946877 | DC51: 0.949448 | DD51: 0.947754 | DE51: 0.948415 | DF51: 0.946962 | DG51: 0.949284 | DH51: 0.951533 | DI51: 0.952816 | DJ51: 0.948362 | DK51: 0.954371 | DL51: 0.955966 | DM51: 0.953609 | DN51: 0.954333 | DO51: 0.953096 | DP51: 0.9531 | DQ51: 0.953508 | DR51: 0.951413 | DS51: 0.950903 | DT51: 0.953245 | DU51: 0.950971 | DV51: 0.949525 | DW51: 0.950084 | DX51: 0.949209 | DY51: 0.946633 | DZ51: 0.947027 | EA51: 0.946425 | EB51: 0.946533 | EC51: 0.944371 | ED51: 0.949056 | EE51: 0.944594 | EF51: 0.947723 | EG51: 0.948834 | EH51: 0.948656 | EI51: 0.947128 | EJ51: 0.952045 | EK51: 0.950234 | EL51: 0.952397 | EM51: 0.952958 | EN51: 0.954025 | EO51: 0.95275 | EP51: 0.948573 | EQ51: 0.943264 | ER51: 0.932847 | ES51: 0.913867 | ET51: 0.900725
A53: Grade B - FTR Diagonal
A54: FTR | O54: 0.00139332 | P54: 0.00214058 | Q54: 0.00355687 | R54: 0.00494079 | S54: 0.00761712 | U54: 0.00512818 | V54: 0.00488448 | W54: 0.0028451 | X54: 0.00635439 | Y54: 0.00329895 | Z54: 0.00282819 | AA54: 0.00576141 | AB54: 0.00140694 | AC54: 0.00567621 | AD54: 0.00272011 | AE54: 0.0046993 | AF54: 0.00536527 | AG54: 0.00517865 | AH54: 0.00114437 | AI54: 0.00156292 | AJ54: 0.00194489 | AK54: 0.00219198 | AL54: 0.0016802 | AM54: 0.00262635 | AN54: 0.0032047 | AO54: 0.00226652 | AP54: 0.00256112 | AQ54: 0.0022364 | AR54: 0.00305806 | AS54: 0.00339028 | AT54: 0.00165548 | AU54: 0.00172107 | AV54: 0.00200903 | AW54: 0.00099635 | AX54: 0.00201913 | AY54: 0.00158029 | AZ54: 0.00216049 | BA54: 0.00165945 | BB54: 0.00232312 | BC54: 0.00206027 | BD54: 0.00143633 | BE54: 0.00231479 | BF54: 0.0021063 | BG54: 0.00225289 | BH54: 0.00206272 | BI54: 0.00194403 | BJ54: 0.00161827 | BK54: 0.0024961 | BL54: 0.00214058 | BM54: 0.00220281 | BN54: 0.0024914 | BO54: 0.00229126 | BP54: 0.00204734 | BQ54: 0.00270831 | BR54: 0.00215989 | BS54: 0.00202445 | BT54: 0.00191824 | BU54: 0.00199813 | BV54: 0.00210622 | BW54: 0.0016419 | BX54: 0.00253402 | BY54: 0.00236969 | BZ54: 0.00222199 | CA54: 0.00245707 | CB54: 0.00157169 | CC54: 0.00193768 | CD54: 0.00214484 | CE54: 0.00154414 | CF54: 0.00181234 | CG54: 0.00150267 | CH54: 0.00176351 | CI54: 0.00218315 | CJ54: 0.00211153 | CK54: 0.00203411 | CL54: 0.00222305 | CM54: 0.002249 | CN54: 0.00164715 | CO54: 0.00219566 | CP54: 0.00192091 | CQ54: 0.00183562 | CR54: 0.00238943 | CS54: 0.00176721 | CT54: 0.00181864 | CU54: 0.00224398 | CV54: 0.00230149 | CW54: 0.0021088 | CX54: 0.00234237 | CY54: 0.00222874 | CZ54: 0.00176889 | DA54: 0.00187405 | DB54: 0.00195779 | DC54: 0.00186789 | DD54: 0.00238788 | DE54: 0.0024376 | DF54: 0.0029119 | DG54: 0.00315358 | DH54: 0.00368604 | DI54: 0.00388418 | DJ54: 0.00391161 | DK54: 0.00407251 | DL54: 0.00358266 | DM54: 0.00416198 | DN54: 0.00452702 | DO54: 0.00412167 | DP54: 0.00550954 | DQ54: 0.00481006 | DR54: 0.00540404 | DS54: 0.00562736 | DT54: 0.00565013 | DU54: 0.00639607 | DV54: 0.00591542 | DW54: 0.00654098 | DX54: 0.00706795 | DY54: 0.00662973 | DZ54: 0.00880278 | EA54: 0.00702901 | EB54: 0.01020556 | EC54: 0.00918228 | ED54: 0.01182832 | EE54: 0.01420867 | EF54: 0.01810079 | EG54: 0.02175101 | EH54: 0.02212516 | EI54: 0.03078859 | EJ54: 0.01491084 | EK54: 0.00870075 | EL54: 0.00882322 | EM54: 0.00637243 | EN54: 0.01010305
A56: Grade B - Loss Metrics
A57: GCO | C57: 0 | D57: 0 | E57: 0 | F57: 0 | G57: 0 | H57: 0 | I57: 0 | J57: 0 | K57: 0 | L57: 0 | M57: 0 | N57: 0 | O57: 0 | P57: 0 | Q57: 0 | R57: 0 | S57: 0 | T57: 0 | U57: 4120.67 | V57: 6438.5 | W57: 10477.41 | X57: 14178.59 | Y57: 22333.49 | Z57: 0 | AA57: 19832.31 | AB57: 21114.47 | AC57: 12514.81 | AD57: 28493.38 | AE57: 15431.72 | AF57: 15917.84 | AG57: 38337.85 | AH57: 10576.61 | AI57: 49249.32 | AJ57: 27245.38 | AK57: 54348.92 | AL57: 69578.86 | AM57: 77900.5 | AN57: 19052.52 | AO57: 29149.67 | AP57: 39527.27 | AQ57: 50617.71 | AR57: 42488.68 | AS57: 70974.34 | AT57: 93966.3 | AU57: 71564.28 | AV57: 86331.33 | AW57: 80131.5 | AX57: 114212 | AY57: 132259 | AZ57: 68549.91 | BA57: 75002.36 | BB57: 91607.95 | BC57: 48746.56 | BD57: 104524.03 | BE57: 87309.35 | BF57: 127122.22 | BG57: 103672 | BH57: 157806.72 | BI57: 151501.74 | BJ57: 113920.53 | BK57: 197215.15 | BL57: 194505.34 | BM57: 223966.87 | BN57: 222936.62 | BO57: 229340.24 | BP57: 205229.51 | BQ57: 338855.74 | BR57: 318130.63 | BS57: 361981.6 | BT57: 455768.59 | BU57: 460523.25 | BV57: 447262.58 | BW57: 649572.2 | BX57: 577534.47 | BY57: 606598.98 | BZ57: 628716.73 | CA57: 711126.21 | CB57: 808196.47 | CC57: 682159.9 | CD57: 1143507.4 | CE57: 1153737.7 | CF57: 1161031.8 | CG57: 1386538.3 | CH57: 949734.48 | CI57: 1247413.7 | CJ57: 1460183.2 | CK57: 1097961.3 | CL57: 1343765.3 | CM57: 1166549 | CN57: 1421012.4 | CO57: 1803751.3 | CP57: 1861378.9 | CQ57: 1834913.1 | CR57: 1988672.4 | CS57: 2191959.2 | CT57: 1668955.2 | CU57: 2203704.5 | CV57: 2063581.4 | CW57: 2026943.4 | CX57: 2720837.6 | CY57: 2113286.5 | CZ57: 2250176.4 | DA57: 2844405.9 | DB57: 3123432.9 | DC57: 2982212.5 | DD57: 3384968.5 | DE57: 3462627.2 | DF57: 2856075 | DG57: 3177059.3 | DH57: 3405620.1 | DI57: 3385663.3 | DJ57: 4559743.9 | DK57: 4611436.1 | DL57: 5444562.7 | DM57: 5879196.8 | DN57: 6798706.1 | DO57: 7139761.9 | DP57: 7015505.7 | DQ57: 7179350.5 | DR57: 6197743.8 | DS57: 7043818.8 | DT57: 7448498.9 | DU57: 6536724.4 | DV57: 8509283.7 | DW57: 7077423.5 | DX57: 7694046.5 | DY57: 7708489 | DZ57: 7397485.5 | EA57: 8026941.9 | EB57: 7047423.4 | EC57: 7442892.2 | ED57: 7653842.9 | EE57: 6782673.3 | EF57: 8458046.7 | EG57: 6231958.6 | EH57: 8417059.5 | EI57: 6879294.1 | EJ57: 8118907.2 | EK57: 8708596 | EL57: 9727512.7 | EM57: 10015606 | EN57: 8377625.5 | EO57: 9639026.5 | EP57: 3618404.3 | EQ57: 1611335.3 | ER57: 1160532.8 | ES57: 479070.98 | ET57: 238657.36 | EU57: 0 | EV57: 0 | EW57: 0 | EX57: 0 | EY57: 0 | EZ57: 0 | FA57: 0 | FB57: 0 | FC57: 0 | FD57: 0 | FE57: 0 | FF57: 0 | FG57: 0 | FH57: 0 | FI57: 0 | FJ57: 0 | FK57: 0 | FL57: 0 | FM57: 0 | FN57: 0 | FO57: 0 | FP57: 0 | FQ57: 0 | FR57: 0 | FS57: 0 | FT57: 0 | FU57: 0 | FV57: 0 | FW57: 0 | FX57: 0 | FY57: 0 | FZ57: 0 | GA57: 0 | GB57: 0 | GC57: 0 | GD57: 0 | GE57: 0 | GF57: 0 | GG57: 0 | GH57: 0 | GI57: 0 | GJ57: 0 | GK57: 0 | GL57: 0 | GM57: 0 | GN57: 0 | GO57: 0
A58: Recovery | C58: 0 | D58: 0 | E58: 0 | F58: 0 | G58: 0 | H58: 0 | I58: 0 | J58: 0 | K58: 0 | L58: 0 | M58: 0 | N58: 0 | O58: 0 | P58: 0 | Q58: 0 | R58: 0 | S58: 0 | T58: 0 | U58: 0 | V58: 0 | W58: 0 | X58: 0 | Y58: 0 | Z58: 0 | AA58: 254.43 | AB58: 1732.25 | AC58: 1830.23 | AD58: 3050.3 | AE58: 6072.33 | AF58: 0 | AG58: 10463.15 | AH58: 7964.7 | AI58: 4575.77 | AJ58: 3077.54 | AK58: 8614.37 | AL58: 16396.76 | AM58: 18093.39 | AN58: 4869.47 | AO58: 23753.42 | AP58: 26456.65 | AQ58: 11604.24 | AR58: 12953.75 | AS58: 49870.48 | AT58: 4145.24 | AU58: 6308.22 | AV58: 39449.09 | AW58: 10628.55 | AX58: 13045.87 | AY58: 25779.93 | AZ58: 30614.38 | BA58: 21736.78 | BB58: 33430.41 | BC58: 41535.48 | BD58: 67108.33 | BE58: 51910.9 | BF58: 27653.49 | BG58: 42816.99 | BH58: 32664.23 | BI58: 34314.5 | BJ58: 19249.9 | BK58: 52318.01 | BL58: 91786.48 | BM58: 38342.35 | BN58: 77509.36 | BO58: 75534.26 | BP58: 50307.59 | BQ58: 101328.19 | BR58: 95524.55 | BS58: 72403.17 | BT58: 83389.79 | BU58: 68548.56 | BV58: 57037.99 | BW58: 114078.52 | BX58: 133778.13 | BY58: 107367.76 | BZ58: 138509.39 | CA58: 248503.86 | CB58: 170207.27 | CC58: 184877.89 | CD58: 231754.89 | CE58: 214807.37 | CF58: 308434.8 | CG58: 311892.29 | CH58: 312288.73 | CI58: 314216.58 | CJ58: 495891.84 | CK58: 558634.58 | CL58: 601480.76 | CM58: 703629.9 | CN58: 535914.93 | CO58: 660521.46 | CP58: 793559.81 | CQ58: 623802.5 | CR58: 737806.59 | CS58: 749883.93 | CT58: 957729.15 | CU58: 1142208.8 | CV58: 1284605.1 | CW58: 1312917.7 | CX58: 1343125.8 | CY58: 1580139.7 | CZ58: 1264451 | DA58: 1760542.9 | DB58: 1540720.7 | DC58: 1541937.2 | DD58: 1977743.4 | DE58: 1635571.1 | DF58: 2010873.1 | DG58: 2480799.2 | DH58: 2584029.1 | DI58: 2214053.8 | DJ58: 2794636.6 | DK58: 2822534.2 | DL58: 2513841.5 | DM58: 2544251.8 | DN58: 2707385.9 | DO58: 2558029.5 | DP58: 3608316.9 | DQ58: 3089036.7 | DR58: 3481288.2 | DS58: 3964407.3 | DT58: 4529695.2 | DU58: 4966087.9 | DV58: 4718400.2 | DW58: 4917366.2 | DX58: 4590201.9 | DY58: 5414225.6 | DZ58: 5380310.2 | EA58: 4985448.6 | EB58: 6551874.7 | EC58: 5656284.8 | ED58: 6427427.9 | EE58: 6706511.3 | EF58: 6536944.3 | EG58: 7399838.4 | EH58: 6471973 | EI58: 7175528.9 | EJ58: 6551651.2 | EK58: 6606482.7 | EL58: 7760418.9 | EM58: 5656117.5 | EN58: 7621243.8 | EO58: 6666771.4 | EP58: 7021904.1 | EQ58: 7924407.8 | ER58: 8126849.3 | ES58: 8416814.7 | ET58: 6957637 | EU58: 8191358.5 | EV58: 3929380.5 | EW58: 2216880 | EX58: 1963821.4 | EY58: 1374960.1 | EZ58: 832435.77 | FA58: 0 | FB58: 0 | FC58: 0 | FD58: 0 | FE58: 0 | FF58: 0 | FG58: 0 | FH58: 0 | FI58: 0 | FJ58: 0 | FK58: 0 | FL58: 0 | FM58: 0 | FN58: 0 | FO58: 0 | FP58: 0 | FQ58: 0 | FR58: 0 | FS58: 0 | FT58: 0 | FU58: 0 | FV58: 0 | FW58: 0 | FX58: 0 | FY58: 0 | FZ58: 0 | GA58: 0 | GB58: 0 | GC58: 0 | GD58: 0 | GE58: 0 | GF58: 0 | GG58: 0 | GH58: 0 | GI58: 0 | GJ58: 0 | GK58: 0 | GL58: 0 | GM58: 0 | GN58: 0 | GO58: 0
A59: NCO | C59: 0 | D59: 0 | E59: 0 | F59: 0 | G59: 0 | H59: 0 | I59: 0 | J59: 0 | K59: 0 | L59: 0 | M59: 0 | N59: 0 | O59: 0 | P59: 0 | Q59: 0 | R59: 0 | S59: 0 | T59: 0 | U59: 4120.67 | V59: 6438.5 | W59: 10477.41 | X59: 14178.59 | Y59: 22333.49 | Z59: 0 | AA59: 19577.88 | AB59: 19382.22 | AC59: 10684.58 | AD59: 25443.08 | AE59: 9359.39 | AF59: 15917.84 | AG59: 27874.7 | AH59: 2611.91 | AI59: 44673.55 | AJ59: 24167.84 | AK59: 45734.55 | AL59: 53182.1 | AM59: 59807.11 | AN59: 14183.05 | AO59: 5396.25 | AP59: 13070.62 | AQ59: 39013.47 | AR59: 29534.93 | AS59: 21103.86 | AT59: 89821.06 | AU59: 65256.06 | AV59: 46882.24 | AW59: 69502.95 | AX59: 101166.13 | AY59: 106479.07 | AZ59: 37935.53 | BA59: 53265.58 | BB59: 58177.54 | BC59: 7211.08 | BD59: 37415.7 | BE59: 35398.45 | BF59: 99468.73 | BG59: 60855.01 | BH59: 125142.49 | BI59: 117187.24 | BJ59: 94670.63 | BK59: 144897.14 | BL59: 102718.86 | BM59: 185624.52 | BN59: 145427.26 | BO59: 153805.98 | BP59: 154921.92 | BQ59: 237527.55 | BR59: 222606.08 | BS59: 289578.43 | BT59: 372378.8 | BU59: 391974.69 | BV59: 390224.59 | BW59: 535493.68 | BX59: 443756.34 | BY59: 499231.22 | BZ59: 490207.34 | CA59: 462622.35 | CB59: 637989.2 | CC59: 497282.01 | CD59: 911752.47 | CE59: 938930.34 | CF59: 852597.01 | CG59: 1074646.1 | CH59: 637445.75 | CI59: 933197.14 | CJ59: 964291.4 | CK59: 539326.76 | CL59: 742284.56 | CM59: 462919.13 | CN59: 885097.45 | CO59: 1143229.9 | CP59: 1067819.1 | CQ59: 1211110.6 | CR59: 1250865.8 | CS59: 1442075.2 | CT59: 711226.01 | CU59: 1061495.7 | CV59: 778976.33 | CW59: 714025.65 | CX59: 1377711.8 | CY59: 533146.79 | CZ59: 985725.41 | DA59: 1083862.9 | DB59: 1582712.2 | DC59: 1440275.3 | DD59: 1407225.2 | DE59: 1827056.1 | DF59: 845201.91 | DG59: 696260.01 | DH59: 821590.99 | DI59: 1171609.5 | DJ59: 1765107.3 | DK59: 1788901.9 | DL59: 2930721.2 | DM59: 3334945 | DN59: 4091320.1 | DO59: 4581732.4 | DP59: 3407188.8 | DQ59: 4090313.8 | DR59: 2716455.6 | DS59: 3079411.5 | DT59: 2918803.7 | DU59: 1570636.5 | DV59: 3790883.5 | DW59: 2160057.3 | DX59: 3103844.7 | DY59: 2294263.4 | DZ59: 2017175.3 | EA59: 3041493.3 | EB59: 495548.75 | EC59: 1786607.4 | ED59: 1226415.1 | EE59: 76162.04 | EF59: 1921102.4 | EG59: -1167879.8 | EH59: 1945086.6 | EI59: -296234.78 | EJ59: 1567255.9 | EK59: 2102113.3 | EL59: 1967093.8 | EM59: 4359488.8 | EN59: 756381.77 | EO59: 2972255.1 | EP59: -3403499.8 | EQ59: -6313072.5 | ER59: -6966316.5 | ES59: -7937743.7 | ET59: -6718979.7 | EU59: -8191358.5 | EV59: -3929380.5 | EW59: -2216880 | EX59: -1963821.4 | EY59: -1374960.1 | EZ59: -832435.77 | FA59: 0 | FB59: 0 | FC59: 0 | FD59: 0 | FE59: 0 | FF59: 0 | FG59: 0 | FH59: 0 | FI59: 0 | FJ59: 0 | FK59: 0 | FL59: 0 | FM59: 0 | FN59: 0 | FO59: 0 | FP59: 0 | FQ59: 0 | FR59: 0 | FS59: 0 | FT59: 0 | FU59: 0 | FV59: 0 | FW59: 0 | FX59: 0 | FY59: 0 | FZ59: 0 | GA59: 0 | GB59: 0 | GC59: 0 | GD59: 0 | GE59: 0 | GF59: 0 | GG59: 0 | GH59: 0 | GI59: 0 | GJ59: 0 | GK59: 0 | GL59: 0 | GM59: 0 | GN59: 0 | GO59: 0
A60: Loss Rate | C60: 0 | D60: 0 | E60: 0 | F60: 0 | G60: 0 | H60: 0 | I60: 0 | J60: 0 | K60: 0 | L60: 0 | M60: 0 | N60: 0 | O60: 0 | P60: 0 | Q60: 0 | R60: 0 | S60: 0 | T60: 0 | U60: 0.0009 | V60: 0.0014 | W60: 0.0023 | X60: 0.003 | Y60: 0.0039 | Z60: 0 | AA60: 0.0026 | AB60: 0.0022 | AC60: 0.001 | AD60: 0.0022 | AE60: 0.0007 | AF60: 0.001 | AG60: 0.0016 | AH60: 0.0001 | AI60: 0.0022 | AJ60: 0.001 | AK60: 0.0018 | AL60: 0.0019 | AM60: 0.002 | AN60: 0.0004 | AO60: 0.0002 | AP60: 0.0004 | AQ60: 0.001 | AR60: 0.0007 | AS60: 0.0005 | AT60: 0.002 | AU60: 0.0014 | AV60: 0.0009 | AW60: 0.0013 | AX60: 0.0018 | AY60: 0.0018 | AZ60: 0.0006 | BA60: 0.0008 | BB60: 0.0008 | BC60: 0.0001 | BD60: 0.0004 | BE60: 0.0004 | BF60: 0.001 | BG60: 0.0006 | BH60: 0.001 | BI60: 0.0009 | BJ60: 0.0007 | BK60: 0.001 | BL60: 0.0006 | BM60: 0.001 | BN60: 0.0007 | BO60: 0.0007 | BP60: 0.0006 | BQ60: 0.0009 | BR60: 0.0007 | BS60: 0.0009 | BT60: 0.001 | BU60: 0.001 | BV60: 0.0009 | BW60: 0.0012 | BX60: 0.0009 | BY60: 0.0009 | BZ60: 0.0009 | CA60: 0.0008 | CB60: 0.001 | CC60: 0.0007 | CD60: 0.0013 | CE60: 0.0013 | CF60: 0.0011 | CG60: 0.0013 | CH60: 0.0008 | CI60: 0.001 | CJ60: 0.0011 | CK60: 0.0006 | CL60: 0.0008 | CM60: 0.0005 | CN60: 0.0009 | CO60: 0.0011 | CP60: 0.001 | CQ60: 0.0011 | CR60: 0.001 | CS60: 0.0012 | CT60: 0.0006 | CU60: 0.0008 | CV60: 0.0005 | CW60: 0.0005 | CX60: 0.0009 | CY60: 0.0003 | CZ60: 0.0006 | DA60: 0.0006 | DB60: 0.0009 | DC60: 0.0007 | DD60: 0.0007 | DE60: 0.001 | DF60: 0.0004 | DG60: 0.0004 | DH60: 0.0004 | DI60: 0.0006 | DJ60: 0.001 | DK60: 0.001 | DL60: 0.0017 | DM60: 0.002 | DN60: 0.0025 | DO60: 0.0029 | DP60: 0.0022 | DQ60: 0.0028 | DR60: 0.0019 | DS60: 0.0023 | DT60: 0.0022 | DU60: 0.0013 | DV60: 0.0032 | DW60: 0.0019 | DX60: 0.0029 | DY60: 0.0023 | DZ60: 0.0021 | EA60: 0.0035 | EB60: 0.0006 | EC60: 0.0024 | ED60: 0.0018 | EE60: 0.0001 | EF60: 0.0037 | EG60: -0.0027 | EH60: 0.0052 | EI60: -0.001 | EJ60: 0.0064 | EK60: 0.0116 | EL60: 0.0172 | EM60: 0.0845 | EN60: 0.0353 | EO60: 0.2772 | EP60: -0.521 | EQ60: -1.3864 | ER60: -2.2264 | ES60: -3.2083 | ET60: -3.1874 | EU60: -4.0753 | EV60: -2.0521 | EW60: -1.2164 | EX60: -1.1341 | EY60: -0.8375 | EZ60: -0.5353 | FA60: 0 | FB60: 0 | FC60: 0 | FD60: 0 | FE60: 0 | FF60: 0 | FG60: 0 | FH60: 0 | FI60: 0 | FJ60: 0 | FK60: 0 | FL60: 0 | FM60: 0 | FN60: 0 | FO60: 0 | FP60: 0 | FQ60: 0 | FR60: 0 | FS60: 0 | FT60: 0 | FU60: 0 | FV60: 0 | FW60: 0 | FX60: 0 | FY60: 0 | FZ60: 0 | GA60: 0 | GB60: 0 | GC60: 0 | GD60: 0 | GE60: 0 | GF60: 0 | GG60: 0 | GH60: 0 | GI60: 0 | GJ60: 0 | GK60: 0 | GL60: 0 | GM60: 0 | GN60: 0 | GO60: 0
A62: Grade B - DCF-ECL
A63: ECL Reserve (DCF-ECL) | C63: -195.66 | D63: -409.97 | E63: -728.76 | F63: -848.22 | G63: -1728.93 | H63: -3161.34 | I63: -6277.21 | J63: -10036.53 | K63: -14655.99 | L63: -15509.54 | M63: -14404.66 | N63: -13371.23 | O63: -12436.66 | P63: -11080.64 | Q63: -9386.43 | R63: -8807.37 | S63: -10761.92 | T63: -12370.17 | U63: -13753.08 | V63: -12699.12 | W63: -11594.51 | X63: -11520.95 | Y63: -15558.46 | Z63: -19682.77 | AA63: -22781.9 | AB63: -27022.61 | AC63: -31956.24 | AD63: -37652.34 | AE63: -42389.97 | AF63: -50636.67 | AG63: -55544.74 | AH63: -61559.51 | AI63: -67438.88 | AJ63: -76998.84 | AK63: -82580.47 | AL63: -86946.05 | AM63: -94890.35 | AN63: -102317.22 | AO63: -107971.29 | AP63: -113420.64 | AQ63: -115162.68 | AR63: -116850.91 | AS63: -125633.83 | AT63: -132588.43 | AU63: -139935.76 | AV63: -152947.9 | AW63: -157039.68 | AX63: -166263.49 | AY63: -175518.39 | AZ63: -183269.36 | BA63: -201223.69 | BB63: -218663.95 | BC63: -239313.74 | BD63: -258244.68 | BE63: -283874.45 | BF63: -303728.69 | BG63: -334583.94 | BH63: -373095.8 | BI63: -402226.44 | BJ63: -429388.82 | BK63: -479777.85 | BL63: -547825.14 | BM63: -632153.47 | BN63: -706933.66 | BO63: -770087.47 | BP63: -854456.81 | BQ63: -975470.77 | BR63: -1122572.4 | BS63: -1227993.1 | BT63: -1331902.6 | BU63: -1420777.7 | BV63: -1517493.8 | BW63: -1632404.6 | BX63: -1736470.7 | BY63: -1828446 | BZ63: -1945251.6 | CA63: -2040698.4 | CB63: -2111030 | CC63: -2308151 | CD63: -2434316 | CE63: -2532825.3 | CF63: -2681249.3 | CG63: -2753330.6 | CH63: -2734387.2 | CI63: -3065211.9 | CJ63: -3025827 | CK63: -2728937.4 | CL63: -3485856.8 | CM63: -3740907.1 | CN63: -3369534.5 | CO63: -3934899.1 | CP63: -4008282.4 | CQ63: -4086732.9 | CR63: -4513509.1 | CS63: -4644794.8 | CT63: -4612019.9 | CU63: -5237644.9 | CV63: -5458282.8 | CW63: -5358016 | CX63: -6049276.5 | CY63: -6167184.9 | CZ63: -6430255.8 | DA63: -9430122.8 | DB63: -13031148 | DC63: -17525552 | DD63: -17488850 | DE63: -17327886 | DF63: -16972638 | DG63: -16380746 | DH63: -16325552 | DI63: -14773622 | DJ63: -13727698 | DK63: -12672097 | DL63: -11345633 | DM63: -9964388.9 | DN63: -8197282.5 | DO63: -7033414.6 | DP63: -5460297.8 | DQ63: -4427536.1 | DR63: -3233760.6 | DS63: -2135614.1 | DT63: -1002054.3 | DU63: 451071.53 | DV63: 1267599.7 | DW63: 2049468.9 | DX63: 3440970.8 | DY63: 4660683.8 | DZ63: 6309001.4 | EA63: 7644033.1 | EB63: 8823441.1 | EC63: 10059449 | ED63: 11669993 | EE63: 12871414 | EF63: 14144641 | EG63: 15633358 | EH63: 16407752 | EI63: 17325368 | EJ63: 17976217 | EK63: 18166052 | EL63: 17737222 | EM63: 16802004 | EN63: 17059051 | EO63: 17390499 | EP63: 17223920 | EQ63: 17089777 | ER63: 16639528 | ES63: 16546367 | ET63: 15987297 | EU63: 15415239 | EV63: 14946709 | EW63: 14350641 | EX63: 13912143 | EY63: 13272432 | EZ63: 12701790 | FA63: 12041135 | FB63: 11399385 | FC63: 10667616 | FD63: 9956869 | FE63: 9346548.7 | FF63: 8620170.5 | FG63: 7954861.2 | FH63: 7336357.8 | FI63: 6777496.7 | FJ63: 6246570.8 | FK63: 5560681.3 | FL63: 5103411 | FM63: 4602068.4 | FN63: 4263089 | FO63: 3938485.9 | FP63: 3615917.6 | FQ63: 3423219.5 | FR63: 3211666.5 | FS63: 3013110 | FT63: 2852811 | FU63: 2727985.4 | FV63: 2626101.3 | FW63: 2490234.2 | FX63: 2371555.1 | FY63: 2206064.5 | FZ63: 2048127.3 | GA63: 1904694 | GB63: 1749217.6 | GC63: 1587071.1 | GD63: 1410049.9 | GE63: 1200907.1 | GF63: 1011645 | GG63: 863007.82 | GH63: 734528.98 | GI63: 593063.06 | GJ63: 464066.16 | GK63: 342397.77 | GL63: 261662.05 | GM63: 198027.37 | GN63: 141631.32 | GO63: 99970.41
A64: ALLL Ratio (DCF-ECL) | C64: -0.006212 | D64: -0.006035 | E64: -0.00593 | F64: -0.005669 | G64: -0.00583 | H64: -0.005821 | I64: -0.005872 | J64: -0.005742 | K64: -0.005597 | L64: -0.005267 | M64: -0.004842 | N64: -0.004521 | O64: -0.004128 | P64: -0.003745 | Q64: -0.003242 | R64: -0.002962 | S64: -0.003108 | T64: -0.003145 | U64: -0.00312 | V64: -0.002821 | W64: -0.002527 | X64: -0.002401 | Y64: -0.002709 | Z64: -0.0029 | AA64: -0.002968 | AB64: -0.003064 | AC64: -0.003131 | AD64: -0.003203 | AE64: -0.003211 | AF64: -0.003302 | AG64: -0.003268 | AH64: -0.00324 | AI64: -0.003267 | AJ64: -0.003287 | AK64: -0.003223 | AL64: -0.003182 | AM64: -0.003203 | AN64: -0.003201 | AO64: -0.003162 | AP64: -0.003123 | AQ64: -0.003041 | AR64: -0.002949 | AS64: -0.002985 | AT64: -0.002998 | AU64: -0.003027 | AV64: -0.003086 | AW64: -0.002999 | AX64: -0.002978 | AY64: -0.002956 | AZ64: -0.002904 | BA64: -0.002934 | BB64: -0.002944 | BC64: -0.002985 | BD64: -0.003001 | BE64: -0.003042 | BF64: -0.003023 | BG64: -0.003062 | BH64: -0.003129 | BI64: -0.003138 | BJ64: -0.00313 | BK64: -0.003194 | BL64: -0.003299 | BM64: -0.00342 | BN64: -0.00348 | BO64: -0.003486 | BP64: -0.003523 | BQ64: -0.003607 | BR64: -0.003705 | BS64: -0.003706 | BT64: -0.003702 | BU64: -0.003663 | BV64: -0.003613 | BW64: -0.003581 | BX64: -0.003528 | BY64: -0.00346 | BZ64: -0.003407 | CA64: -0.003336 | CB64: -0.003241 | CC64: -0.00335 | CD64: -0.003383 | CE64: -0.003377 | CF64: -0.003415 | CG64: -0.003381 | CH64: -0.003273 | CI64: -0.003439 | CJ64: -0.003316 | CK64: -0.003012 | CL64: -0.003533 | CM64: -0.003644 | CN64: -0.003313 | CO64: -0.003616 | CP64: -0.003584 | CQ64: -0.003544 | CR64: -0.003726 | CS64: -0.003708 | CT64: -0.003593 | CU64: -0.003812 | CV64: -0.00381 | CW64: -0.003659 | CX64: -0.003844 | CY64: -0.003769 | CZ64: -0.003744 | DA64: -0.005351 | DB64: -0.007099 | DC64: -0.009067 | DD64: -0.009124 | DE64: -0.009139 | DF64: -0.008963 | DG64: -0.008728 | DH64: -0.008709 | DI64: -0.008054 | DJ64: -0.007599 | DK64: -0.007133 | DL64: -0.006522 | DM64: -0.005882 | DN64: -0.005012 | DO64: -0.004414 | DP64: -0.003587 | DQ64: -0.003003 | DR64: -0.002273 | DS64: -0.001567 | DT64: -0.000766 | DU64: 0.000362 | DV64: 0.001064 | DW64: 0.001802 | DX64: 0.003194 | DY64: 0.004596 | DZ64: 0.006704 | EA64: 0.008717 | EB64: 0.010988 | EC64: 0.013603 | ED64: 0.01751 | EE64: 0.021697 | EF64: 0.027308 | EG64: 0.035497 | EH64: 0.043806 | EI64: 0.05641 | EJ64: 0.073804 | EK64: 0.100451 | EL64: 0.155293 | EM64: 0.325588 | EN64: 0.796403 | EO64: 1.621649 | EP64: 2.636719 | EQ64: 3.752917 | ER64: 5.317952 | ES64: 6.687774 | ET64: 7.584279 | EU64: 7.66928 | EV64: 7.805672 | EW64: 7.873895 | EX64: 8.034545 | EY64: 8.084344 | EZ64: 8.167743 | FA64: 8.194509 | FB64: 8.234399 | FC64: 8.194111 | FD64: 8.153241 | FE64: 8.180983 | FF64: 8.083058 | FG64: 7.988615 | FH64: 7.899042 | FI64: 7.851367 | FJ64: 7.817584 | FK64: 7.539089 | FL64: 7.478919 | FM64: 7.31434 | FN64: 7.3244 | FO64: 7.304629 | FP64: 7.191824 | FQ64: 7.251604 | FR64: 7.226408 | FS64: 7.185624 | FT64: 7.231846 | FU64: 7.362172 | FV64: 7.581423 | FW64: 7.733325 | FX64: 7.973757 | FY64: 8.092554 | FZ64: 8.273123 | GA64: 8.549665 | GB64: 8.844639 | GC64: 9.106281 | GD64: 9.364114 | GE64: 9.449643 | GF64: 9.687931 | GG64: 10.187126 | GH64: 11.059185 | GI64: 11.970129 | GJ64: 13.216964 | GK64: 14.353697 | GL64: 19.027209 | GM64: 27.433016 | GN64: 46.071337 | GO64: 70.952108
A67: Grade C - Balances | B67: 39234 | C67: 39264 | D67: 39295 | E67: 39326 | F67: 39356 | G67: 39387 | H67: 39417 | I67: 39448 | J67: 39479 | K67: 39508 | L67: 39539 | M67: 39569 | N67: 39600 | O67: 39630 | P67: 39661 | Q67: 39692 | R67: 39722 | S67: 39753 | T67: 39783 | U67: 39814 | V67: 39845 | W67: 39873 | X67: 39904 | Y67: 39934 | Z67: 39965 | AA67: 39995 | AB67: 40026 | AC67: 40057 | AD67: 40087 | AE67: 40118 | AF67: 40148 | AG67: 40179 | AH67: 40210 | AI67: 40238 | AJ67: 40269 | AK67: 40299 | AL67: 40330 | AM67: 40360 | AN67: 40391 | AO67: 40422 | AP67: 40452 | AQ67: 40483 | AR67: 40513 | AS67: 40544 | AT67: 40575 | AU67: 40603 | AV67: 40634 | AW67: 40664 | AX67: 40695 | AY67: 40725 | AZ67: 40756 | BA67: 40787 | BB67: 40817 | BC67: 40848 | BD67: 40878 | BE67: 40909 | BF67: 40940 | BG67: 40969 | BH67: 41000 | BI67: 41030 | BJ67: 41061 | BK67: 41091 | BL67: 41122 | BM67: 41153 | BN67: 41183 | BO67: 41214 | BP67: 41244 | BQ67: 41275 | BR67: 41306 | BS67: 41334 | BT67: 41365 | BU67: 41395 | BV67: 41426 | BW67: 41456 | BX67: 41487 | BY67: 41518 | BZ67: 41548 | CA67: 41579 | CB67: 41609 | CC67: 41640 | CD67: 41671 | CE67: 41699 | CF67: 41730 | CG67: 41760 | CH67: 41791 | CI67: 41821 | CJ67: 41852 | CK67: 41883 | CL67: 41913 | CM67: 41944 | CN67: 41974 | CO67: 42005 | CP67: 42036 | CQ67: 42064 | CR67: 42095 | CS67: 42125 | CT67: 42156 | CU67: 42186 | CV67: 42217 | CW67: 42248 | CX67: 42278 | CY67: 42309 | CZ67: 42339 | DA67: 42370 | DB67: 42401 | DC67: 42430 | DD67: 42461 | DE67: 42491 | DF67: 42522 | DG67: 42552 | DH67: 42583 | DI67: 42614 | DJ67: 42644 | DK67: 42675 | DL67: 42705 | DM67: 42736 | DN67: 42767 | DO67: 42795 | DP67: 42826 | DQ67: 42856 | DR67: 42887 | DS67: 42917 | DT67: 42948 | DU67: 42979 | DV67: 43009 | DW67: 43040 | DX67: 43070 | DY67: 43101 | DZ67: 43132 | EA67: 43160 | EB67: 43191 | EC67: 43221 | ED67: 43252 | EE67: 43282 | EF67: 43313 | EG67: 43344 | EH67: 43374 | EI67: 43405 | EJ67: 43435 | EK67: 43466 | EL67: 43497 | EM67: 43525 | EN67: 43556 | EO67: 43586 | EP67: 43617 | EQ67: 43647 | ER67: 43678 | ES67: 43709 | ET67: 43739 | EU67: 43770 | EV67: 43800 | EW67: 43831 | EX67: 43862 | EY67: 43891 | EZ67: 43922 | FA67: 43952 | FB67: 43983 | FC67: 44013 | FD67: 44044 | FE67: 44075 | FF67: 44105 | FG67: 44136 | FH67: 44166 | FI67: 44197 | FJ67: 44228 | FK67: 44256 | FL67: 44287 | FM67: 44317 | FN67: 44348 | FO67: 44378 | FP67: 44409 | FQ67: 44440 | FR67: 44470 | FS67: 44501 | FT67: 44531 | FU67: 44562 | FV67: 44593 | FW67: 44621 | FX67: 44652 | FY67: 44682 | FZ67: 44713 | GA67: 44743 | GB67: 44774 | GC67: 44805 | GD67: 44835 | GE67: 44866 | GF67: 44896 | GG67: 44927 | GH67: 44958 | GI67: 44986 | GJ67: 45017 | GK67: 45047 | GL67: 45078 | GM67: 45108 | GN67: 45139 | GO67: 45170
A68: Current | B68: 0 | C68: 73450 | D68: 95332.65 | E68: 130944.59 | F68: 228715.44 | G68: 351545.61 | H68: 639618.18 | I68: 1009604.9 | J68: 1318288.4 | K68: 2013118 | L68: 2244880 | M68: 2265745.7 | N68: 2322309.8 | O68: 2397959.8 | P68: 2387866.2 | Q68: 2360383.7 | R68: 2537600.9 | S68: 2770681.8 | T68: 3410358.2 | U68: 3819475.9 | V68: 4484551.9 | W68: 5284945.5 | X68: 5810615.9 | Y68: 6255199.3 | Z68: 6779181.4 | AA68: 7375635.2 | AB68: 7923332.7 | AC68: 8675029.6 | AD68: 9641998.1 | AE68: 10694021 | AF68: 11663224 | AG68: 12716641 | AH68: 13846317 | AI68: 15006604 | AJ68: 16372667 | AK68: 17733188 | AL68: 18982103 | AM68: 20621764 | AN68: 22051460 | AO68: 23332208 | AP68: 24506427 | AQ68: 25420111 | AR68: 26671884 | AS68: 28154029 | AT68: 29421796 | AU68: 31076242 | AV68: 32992400 | AW68: 35254767 | AX68: 37701764 | AY68: 40341755 | AZ68: 42899993 | BA68: 45421704 | BB68: 48050851 | BC68: 51485984 | BD68: 55936712 | BE68: 60454560 | BF68: 64572972 | BG68: 69098808 | BH68: 74462218 | BI68: 80541672 | BJ68: 88137230 | BK68: 97582321 | BL68: 1.0890059e+08 | BM68: 1.2127915e+08 | BN68: 1.3406679e+08 | BO68: 1.4754035e+08 | BP68: 1.6820468e+08 | BQ68: 1.9316471e+08 | BR68: 2.2244241e+08 | BS68: 2.5289613e+08 | BT68: 2.8455202e+08 | BU68: 3.1623682e+08 | BV68: 3.4925557e+08 | BW68: 3.8715778e+08 | BX68: 4.2720186e+08 | BY68: 4.6954317e+08 | BZ68: 5.1372207e+08 | CA68: 5.513981e+08 | CB68: 5.9278925e+08 | CC68: 6.4074389e+08 | CD68: 6.8392384e+08 | CE68: 7.3202341e+08 | CF68: 7.7629345e+08 | CG68: 8.205748e+08 | CH68: 8.5448908e+08 | CI68: 9.2995755e+08 | CJ68: 9.5552132e+08 | CK68: 9.5332874e+08 | CL68: 1.0535653e+09 | CM68: 1.1000285e+09 | CN68: 1.0931347e+09 | CO68: 1.1746576e+09 | CP68: 1.2105947e+09 | CQ68: 1.2512783e+09 | CR68: 1.3160086e+09 | CS68: 1.3643894e+09 | CT68: 1.398089e+09 | CU68: 1.4928207e+09 | CV68: 1.54391e+09 | CW68: 1.571593e+09 | CX68: 1.6640307e+09 | CY68: 1.7145573e+09 | CZ68: 1.7902111e+09 | DA68: 1.8163895e+09 | DB68: 1.8726124e+09 | DC68: 1.9718991e+09 | DD68: 1.9688728e+09 | DE68: 1.9424258e+09 | DF68: 1.9289747e+09 | DG68: 1.9282754e+09 | DH68: 1.918467e+09 | DI68: 1.8887026e+09 | DJ68: 1.8643606e+09 | DK68: 1.842962e+09 | DL68: 1.8183657e+09 | DM68: 1.7845748e+09 | DN68: 1.7375265e+09 | DO68: 1.7130277e+09 | DP68: 1.646515e+09 | DQ68: 1.6124206e+09 | DR68: 1.5646105e+09 | DS68: 1.514638e+09 | DT68: 1.4676089e+09 | DU68: 1.4057308e+09 | DV68: 1.3351144e+09 | DW68: 1.2627415e+09 | DX68: 1.1907887e+09 | DY68: 1.1189696e+09 | DZ68: 1.0319672e+09 | EA68: 9.5583121e+08 | EB68: 8.642013e+08 | EC68: 7.879451e+08 | ED68: 7.0169206e+08 | EE68: 6.1359541e+08 | EF68: 5.2262584e+08 | EG68: 4.2372662e+08 | EH68: 3.4307778e+08 | EI68: 2.5693678e+08 | EJ68: 1.9398459e+08 | EK68: 1.3882957e+08 | EL68: 80696313 | EM68: 27115813 | EN68: 3916396.4 | EO68: 3760005.1 | EP68: 3607293.9 | EQ68: 3458209.4 | ER68: 3314594.8 | ES68: 3176852.2 | ET68: 3041096.5 | EU68: 2905113.6 | EV68: 2769344.9 | EW68: 2634722.5 | EX68: 2502625.4 | EY68: 2373409 | EZ68: 2247881.5 | FA68: 2123452.9 | FB68: 2000579.8 | FC68: 1881857.5 | FD68: 1772348.5 | FE68: 1671237.1 | FF68: 1572050.2 | FG68: 1476740.2 | FH68: 1385804.7 | FI68: 1298460 | FJ68: 1215095.9 | FK68: 1134622.4 | FL68: 1057944.5 | FM68: 985841.58 | FN68: 916935.46 | FO68: 853265.59 | FP68: 792583.18 | FQ68: 735877.75 | FR68: 684267.34 | FS68: 637673.25 | FT68: 593833.37 | FU68: 550523.04 | FV68: 506692.3 | FW68: 462723.85 | FX68: 419339.11 | FY68: 376353.92 | FZ68: 334646.59 | GA68: 293292.34 | GB68: 254031.22 | GC68: 216027.32 | GD68: 181064.78 | GE68: 148749.99 | GF68: 117800.94 | GG68: 91894 | GH68: 68468.35 | GI68: 49708.13 | GJ68: 32543.37 | GK68: 20492.92 | GL68: 10528.58 | GM68: 4946.91 | GN68: 2751.81 | GO68: 528.89
A69: 30+ | B69: 0 | C69: 0 | D69: 0 | E69: 0 | F69: 0 | G69: 0 | H69: 0 | I69: 0 | J69: 0 | K69: 0 | L69: 2560.81 | M69: 0 | N69: 9288.1 | O69: 0 | P69: 7149.89 | Q69: 19170.08 | R69: 11979.32 | S69: 19725.87 | T69: 0 | U69: 14102.14 | V69: 11969.9 | W69: 29210.59 | X69: 39710.01 | Y69: 57152.81 | Z69: 72829.99 | AA69: 50223.34 | AB69: 21315.81 | AC69: 42678.84 | AD69: 16972.31 | AE69: 64545 | AF69: 45635.33 | AG69: 68156.75 | AH69: 71626.06 | AI69: 27549.79 | AJ69: 85034.23 | AK69: 75818.04 | AL69: 50917.54 | AM69: 83663.78 | AN69: 105828.77 | AO69: 137549.12 | AP69: 37466.43 | AQ69: 79883.69 | AR69: 63197.53 | AS69: 107165.75 | AT69: 89673.89 | AU69: 29321.94 | AV69: 102288.32 | AW69: 161924.61 | AX69: 206453.7 | AY69: 135852.01 | AZ69: 183650.94 | BA69: 165046.07 | BB69: 176343.01 | BC69: 187457.71 | BD69: 256830.62 | BE69: 274864.25 | BF69: 176109.7 | BG69: 327099.94 | BH69: 249797.16 | BI69: 211923.11 | BJ69: 373797.8 | BK69: 416861.6 | BL69: 527059.75 | BM69: 499084.37 | BN69: 495299.22 | BO69: 468001.46 | BP69: 523422.92 | BQ69: 650196.39 | BR69: 725194.43 | BS69: 571420.53 | BT69: 761060.44 | BU69: 875481.76 | BV69: 1407743.8 | BW69: 1242034 | BX69: 1412842.5 | BY69: 1521353.9 | BZ69: 1810632.8 | CA69: 2423208.7 | CB69: 1628135 | CC69: 1768919.9 | CD69: 2416517.7 | CE69: 1835352.2 | CF69: 3010351.9 | CG69: 3070041 | CH69: 3221954.7 | CI69: 3127059.9 | CJ69: 4226953.7 | CK69: 3988994.5 | CL69: 4401669.6 | CM69: 4634710 | CN69: 3994409.5 | CO69: 4329519 | CP69: 4975822.8 | CQ69: 4937477.2 | CR69: 6598717.2 | CS69: 6353044.1 | CT69: 6785805.2 | CU69: 7806379.5 | CV69: 9173325.2 | CW69: 7862349.6 | CX69: 8970504.8 | CY69: 10171294 | CZ69: 8524926.8 | DA69: 10005960 | DB69: 9145643.8 | DC69: 10687833 | DD69: 13861643 | DE69: 12233727 | DF69: 14527770 | DG69: 16716522 | DH69: 16907756 | DI69: 17798272 | DJ69: 19251914 | DK69: 18706842 | DL69: 17486760 | DM69: 17619266 | DN69: 19302638 | DO69: 14397631 | DP69: 21823821 | DQ69: 18265094 | DR69: 18749826 | DS69: 21133045 | DT69: 20670827 | DU69: 23105643 | DV69: 20276795 | DW69: 22299274 | DX69: 20844797 | DY69: 18586311 | DZ69: 23144523 | EA69: 18343793 | EB69: 22715322 | EC69: 20593812 | ED69: 22165720 | EE69: 22993696 | EF69: 24266133 | EG69: 27316057 | EH69: 23199636 | EI69: 25479036 | EJ69: 9097657.7 | EK69: 3326675.9 | EL69: 3230187 | EM69: 1893212.2 | EN69: 1090482.8 | EO69: 0 | EP69: 0 | EQ69: 0 | ER69: 0 | ES69: 0 | ET69: 0 | EU69: 0 | EV69: 0 | EW69: 0 | EX69: 0 | EY69: 0 | EZ69: 0 | FA69: 0 | FB69: 0 | FC69: 0 | FD69: 0 | FE69: 0 | FF69: 0 | FG69: 0 | FH69: 0 | FI69: 0 | FJ69: 0 | FK69: 0 | FL69: 0 | FM69: 0 | FN69: 0 | FO69: 0 | FP69: 0 | FQ69: 0 | FR69: 0 | FS69: 0 | FT69: 0 | FU69: 0 | FV69: 0 | FW69: 0 | FX69: 0 | FY69: 0 | FZ69: 0 | GA69: 0 | GB69: 0 | GC69: 0 | GD69: 0 | GE69: 0 | GF69: 0 | GG69: 0 | GH69: 0 | GI69: 0 | GJ69: 0 | GK69: 0 | GL69: 0 | GM69: 0 | GN69: 0 | GO69: 0
A70: 60+ | B70: 0 | C70: 0 | D70: 0 | E70: 0 | F70: 0 | G70: 0 | H70: 0 | I70: 0 | J70: 0 | K70: 0 | L70: 0 | M70: 2480.68 | N70: 0 | O70: 9020.63 | P70: 0 | Q70: 6972.21 | R70: 18591.13 | S70: 11629.22 | T70: 19096.13 | U70: 0 | V70: 13610.73 | W70: 11555.36 | X70: 28188.57 | Y70: 38114.95 | Z70: 55130.34 | AA70: 70358.41 | AB70: 48650.75 | AC70: 20527.18 | AD70: 41211.26 | AE70: 16442.03 | AF70: 61871.58 | AG70: 43914.98 | AH70: 65880.15 | AI70: 69343.08 | AJ70: 26441.72 | AK70: 81275.01 | AL70: 73122.53 | AM70: 48928.76 | AN70: 80848.18 | AO70: 102403.26 | AP70: 132224.03 | AQ70: 36167.9 | AR70: 76667.38 | AS70: 61068.98 | AT70: 102847.13 | AU70: 86568.4 | AV70: 28092.89 | AW70: 99607.82 | AX70: 157306.1 | AY70: 201145 | AZ70: 131928.49 | BA70: 179516.76 | BB70: 159403.49 | BC70: 171605.64 | BD70: 181700.27 | BE70: 247564.15 | BF70: 266394.4 | BG70: 170572.88 | BH70: 318678.88 | BI70: 243107.8 | BJ70: 205789.2 | BK70: 363412.93 | BL70: 404356.34 | BM70: 512939.1 | BN70: 485602.82 | BO70: 482366.35 | BP70: 456722.3 | BQ70: 508847.62 | BR70: 633156.54 | BS70: 706387.7 | BT70: 556161.13 | BU70: 739324.15 | BV70: 850401.54 | BW70: 1370016.9 | BX70: 1207911.7 | BY70: 1373393.7 | BZ70: 1480638.7 | CA70: 1762190.8 | CB70: 2359775.1 | CC70: 1585690.5 | CD70: 1718111 | CE70: 2351442.2 | CF70: 1781859.9 | CG70: 2926308 | CH70: 2982599.6 | CI70: 3131685.9 | CJ70: 3034781.1 | CK70: 4109497.7 | CL70: 3872020.6 | CM70: 4277748.4 | CN70: 4499246.9 | CO70: 3880084.5 | CP70: 4193420.2 | CQ70: 4828557.3 | CR70: 4786855.6 | CS70: 6401636.6 | CT70: 6157442.7 | CU70: 6577705.1 | CV70: 7565515.7 | CW70: 8887635.9 | CX70: 7619957.1 | CY70: 8699691.6 | CZ70: 9864588 | DA70: 8264035.5 | DB70: 9705269.5 | DC70: 8871313.6 | DD70: 10354094 | DE70: 13439803 | DF70: 11861542 | DG70: 14082805 | DH70: 16199049 | DI70: 16376206 | DJ70: 17246912 | DK70: 18658146 | DL70: 18111684 | DM70: 16928828 | DN70: 17055509 | DO70: 18673988 | DP70: 13931552 | DQ70: 21103993 | DR70: 17675373 | DS70: 18119192 | DT70: 20444845 | DU70: 19981680 | DV70: 22331093 | DW70: 19589651 | DX70: 21553025 | DY70: 20141039 | DZ70: 17955357 | EA70: 22405467 | EB70: 17739681 | EC70: 21957045 | ED70: 19931299 | EE70: 21450270 | EF70: 22229310 | EG70: 23475579 | EH70: 26463714 | EI70: 22449785 | EJ70: 24654403 | EK70: 8782560.5 | EL70: 3175015.7 | EM70: 3083323.2 | EN70: 1797872.9 | EO70: 1024614.7 | EP70: 0 | EQ70: 0 | ER70: 0 | ES70: 0 | ET70: 0 | EU70: 0 | EV70: 0 | EW70: 0 | EX70: 0 | EY70: 0 | EZ70: 0 | FA70: 0 | FB70: 0 | FC70: 0 | FD70: 0 | FE70: 0 | FF70: 0 | FG70: 0 | FH70: 0 | FI70: 0 | FJ70: 0 | FK70: 0 | FL70: 0 | FM70: 0 | FN70: 0 | FO70: 0 | FP70: 0 | FQ70: 0 | FR70: 0 | FS70: 0 | FT70: 0 | FU70: 0 | FV70: 0 | FW70: 0 | FX70: 0 | FY70: 0 | FZ70: 0 | GA70: 0 | GB70: 0 | GC70: 0 | GD70: 0 | GE70: 0 | GF70: 0 | GG70: 0 | GH70: 0 | GI70: 0 | GJ70: 0 | GK70: 0 | GL70: 0 | GM70: 0 | GN70: 0 | GO70: 0
A71: 90+ | B71: 0 | C71: 0 | D71: 0 | E71: 0 | F71: 0 | G71: 0 | H71: 0 | I71: 0 | J71: 0 | K71: 0 | L71: 0 | M71: 0 | N71: 2399.78 | O71: 0 | P71: 8750.77 | Q71: 0 | R71: 6792.76 | S71: 18006.73 | T71: 11275.7 | U71: 18460.14 | V71: 0 | W71: 13114.61 | X71: 11136.88 | Y71: 27156.62 | Z71: 36504.63 | AA71: 53087.89 | AB71: 67861.75 | AC71: 47061.75 | AD71: 19730.93 | AE71: 39728.94 | AF71: 15906.07 | AG71: 59170.51 | AH71: 42177.12 | AI71: 63579.27 | AJ71: 67034.92 | AK71: 25322.19 | AL71: 77477.21 | AM71: 70398.55 | AN71: 46918.05 | AO71: 78001.26 | AP71: 98938.54 | AQ71: 126840.7 | AR71: 34854.83 | AS71: 73415.31 | AT71: 58916.68 | AU71: 98480.36 | AV71: 83428.04 | AW71: 26850.36 | AX71: 96897.4 | AY71: 152636.06 | AZ71: 195776.53 | BA71: 127961.23 | BB71: 175336.12 | BC71: 153697.19 | BD71: 166815.53 | BE71: 176683.53 | BF71: 238194.57 | BG71: 257829.29 | BH71: 164972.86 | BI71: 310160.32 | BJ71: 236342.18 | BK71: 199585.17 | BL71: 352905.67 | BM71: 391798.38 | BN71: 498652.24 | BO71: 471959.57 | BP71: 469280.07 | BQ71: 445632.79 | BR71: 494092.03 | BS71: 615905.44 | BT71: 687672.99 | BU71: 540711.88 | BV71: 717313.1 | BW71: 825011.4 | BX71: 1331811.2 | BY71: 1173512.6 | BZ71: 1333443.3 | CA71: 1439397.1 | CB71: 1713125.5 | CC71: 2295525.7 | CD71: 1542700.4 | CE71: 1666651.7 | CF71: 2285524.3 | CG71: 1727686.9 | CH71: 2841175.2 | CI71: 2894032.8 | CJ71: 3040259.8 | CK71: 2941311 | CL71: 3990739.3 | CM71: 3753551 | CN71: 4152247.2 | CO71: 4362059.9 | CP71: 3764323.8 | CQ71: 4056383.5 | CR71: 4679452.9 | CS71: 4635064.6 | CT71: 6203342.8 | CU71: 5959963.6 | CV71: 6367292.2 | CW71: 7322850.1 | CX71: 8600564.5 | CY71: 7375231.2 | CZ71: 8427109.6 | DA71: 9555838.6 | DB71: 8000407.9 | DC71: 9401051.6 | DD71: 8594811.3 | DE71: 10020596 | DF71: 13014361 | DG71: 11486024 | DH71: 13633689 | DI71: 15676730 | DJ71: 15842977 | DK71: 16691949 | DL71: 18059435 | DM71: 17513666 | DN71: 16366695 | DO71: 16486175 | DP71: 18039757 | DQ71: 13462716 | DR71: 20379191 | DS71: 17083015 | DT71: 17485736 | DU71: 19749958 | DV71: 19286012 | DW71: 21553738 | DX71: 18898656 | DY71: 20800798 | DZ71: 19437801 | EA71: 17320259 | EB71: 21662287 | EC71: 17137460 | ED71: 21195050 | EE71: 19266279 | EF71: 20733483 | EG71: 21462205 | EH71: 22681030 | EI71: 25605806 | EJ71: 21697616 | EK71: 23830881 | EL71: 8467257.4 | EM71: 3026854.4 | EN71: 2938307.6 | EO71: 1704341.8 | EP71: 959105.84 | EQ71: 0 | ER71: 0 | ES71: 0 | ET71: 0 | EU71: 0 | EV71: 0 | EW71: 0 | EX71: 0 | EY71: 0 | EZ71: 0 | FA71: 0 | FB71: 0 | FC71: 0 | FD71: 0 | FE71: 0 | FF71: 0 | FG71: 0 | FH71: 0 | FI71: 0 | FJ71: 0 | FK71: 0 | FL71: 0 | FM71: 0 | FN71: 0 | FO71: 0 | FP71: 0 | FQ71: 0 | FR71: 0 | FS71: 0 | FT71: 0 | FU71: 0 | FV71: 0 | FW71: 0 | FX71: 0 | FY71: 0 | FZ71: 0 | GA71: 0 | GB71: 0 | GC71: 0 | GD71: 0 | GE71: 0 | GF71: 0 | GG71: 0 | GH71: 0 | GI71: 0 | GJ71: 0 | GK71: 0 | GL71: 0 | GM71: 0 | GN71: 0 | GO71: 0
A72: 120+ | B72: 0 | C72: 0 | D72: 0 | E72: 0 | F72: 0 | G72: 0 | H72: 0 | I72: 0 | J72: 0 | K72: 0 | L72: 0 | M72: 0 | N72: 0 | O72: 2318.1 | P72: 0 | Q72: 8478.49 | R72: 0 | S72: 6611.51 | T72: 17416.83 | U72: 10918.71 | V72: 17817.86 | W72: 0 | X72: 12613.73 | Y72: 10714.41 | Z72: 26114.65 | AA72: 34878.92 | AB72: 51025.27 | AC72: 65339.76 | AD72: 45456.15 | AE72: 18927 | AF72: 38231.76 | AG72: 15364.39 | AH72: 56441.49 | AI72: 40421.59 | AJ72: 61253.87 | AK72: 64701.29 | AL72: 24191.07 | AM72: 73640.45 | AN72: 67645.79 | AO72: 44885.15 | AP72: 75122.69 | AQ72: 95434.16 | AR72: 121398.5 | AS72: 33527.06 | AT72: 70127.08 | AU72: 56740.37 | AV72: 94064.89 | AW72: 80252.44 | AX72: 25594.19 | AY72: 94156.71 | AZ72: 147913.92 | BA72: 190347.63 | BB72: 123949.76 | BC72: 171108.49 | BD72: 147926.44 | BE72: 162022.29 | BF72: 171609.52 | BG72: 228720.71 | BH72: 249418.87 | BI72: 159308.91 | BJ72: 301644.9 | BK72: 229499.42 | BL72: 193310.24 | BM72: 342274.59 | BN72: 379092.83 | BO72: 484367.04 | BP72: 458152.69 | BQ72: 456038.56 | BR72: 434410.06 | BS72: 479153.9 | BT72: 598440.47 | BU72: 668725.33 | BV72: 525070.39 | BW72: 695023.81 | BX72: 799307.5 | BY72: 1293243.7 | BZ72: 1138670.4 | CA72: 1292985 | CB72: 1397622.4 | CC72: 1663428.9 | CD72: 2230450.1 | CE72: 1499157.7 | CF72: 1614533.7 | CG72: 2218753 | CH72: 1673110.1 | CI72: 2754939.5 | CJ72: 2804326 | CK72: 2948337.4 | CL72: 2846634.3 | CM72: 3870457.6 | CN72: 3633935.5 | CO72: 4025145.8 | CP72: 4223459.5 | CQ72: 3647109.2 | CR72: 3918428.8 | CS72: 4529208.7 | CT72: 4481455.5 | CU72: 6003128.1 | CV72: 5761895 | CW72: 6155542.1 | CX72: 7079176.2 | CY72: 8310231.9 | CZ72: 7128339.5 | DA72: 8153756.8 | DB72: 9243758 | DC72: 7737313.6 | DD72: 9095000.9 | DE72: 8315484.6 | DF72: 9685257.9 | DG72: 12586925 | DH72: 11108754 | DI72: 13182567 | DJ72: 15150878 | DK72: 15306516 | DL72: 16133962 | DM72: 17457647 | DN72: 16911863 | DO72: 15800054 | DP72: 15912865 | DQ72: 17402476 | DR72: 12991410 | DS72: 19651892 | DT72: 16487702 | DU72: 16848863 | DV72: 19048276 | DW72: 18594322 | DX72: 20774768 | DY72: 18200941 | DZ72: 20050805 | EA72: 18728664 | EB72: 16686213 | EC72: 20917377 | ED72: 16533415 | EE72: 20432011 | EF72: 18602655 | EG72: 20014347 | EH72: 20694776 | EI72: 21889718 | EJ72: 24746954 | EK72: 20949227 | EL72: 23004683 | EM72: 8154789.5 | EN72: 2885696 | EO72: 2798629.7 | EP72: 1611779.5 | EQ72: 896877.42 | ER72: 0 | ES72: 0 | ET72: 0 | EU72: 0 | EV72: 0 | EW72: 0 | EX72: 0 | EY72: 0 | EZ72: 0 | FA72: 0 | FB72: 0 | FC72: 0 | FD72: 0 | FE72: 0 | FF72: 0 | FG72: 0 | FH72: 0 | FI72: 0 | FJ72: 0 | FK72: 0 | FL72: 0 | FM72: 0 | FN72: 0 | FO72: 0 | FP72: 0 | FQ72: 0 | FR72: 0 | FS72: 0 | FT72: 0 | FU72: 0 | FV72: 0 | FW72: 0 | FX72: 0 | FY72: 0 | FZ72: 0 | GA72: 0 | GB72: 0 | GC72: 0 | GD72: 0 | GE72: 0 | GF72: 0 | GG72: 0 | GH72: 0 | GI72: 0 | GJ72: 0 | GK72: 0 | GL72: 0 | GM72: 0 | GN72: 0 | GO72: 0
A73: 150+ | B73: 0 | C73: 0 | D73: 0 | E73: 0 | F73: 0 | G73: 0 | H73: 0 | I73: 0 | J73: 0 | K73: 0 | L73: 0 | M73: 0 | N73: 0 | O73: 0 | P73: 2235.63 | Q73: 0 | R73: 8203.78 | S73: 0 | T73: 6428.46 | U73: 16821.38 | V73: 10558.22 | W73: 17169.22 | X73: 0 | Y73: 12108.04 | Z73: 10287.93 | AA73: 25062.57 | AB73: 33237.67 | AC73: 48942.27 | AD73: 62792.18 | AE73: 43833.79 | AF73: 18115.3 | AG73: 36719.55 | AH73: 14816.92 | AI73: 53684.23 | AJ73: 38648.19 | AK73: 58903.66 | AL73: 62341.92 | AM73: 23048.26 | AN73: 69764.3 | AO73: 64863.96 | AP73: 42829.81 | AQ73: 72212.11 | AR73: 91889.68 | AS73: 115896.78 | AT73: 32184.42 | AU73: 66802.29 | AV73: 55030.07 | AW73: 89600.19 | AX73: 77041.19 | AY73: 24324.24 | AZ73: 91385.43 | BA73: 143139.09 | BB73: 184857.61 | BC73: 119893.58 | BD73: 166833.34 | BE73: 142090.52 | BF73: 157175.65 | BG73: 166477.57 | BH73: 219141.41 | BI73: 240913.64 | BJ73: 153580.31 | BK73: 293231.65 | BL73: 222578.65 | BM73: 186963.57 | BN73: 331518.21 | BO73: 366979.52 | BP73: 469913.59 | BQ73: 444519.87 | BR73: 442639.97 | BS73: 423052.52 | BT73: 464030.95 | BU73: 580758.96 | BV73: 649541.83 | BW73: 509234.27 | BX73: 672452.74 | BY73: 773285.93 | BZ73: 1254186.6 | CA73: 1103379.4 | CB73: 1252012.3 | CC73: 1355307.6 | CD73: 1613092.7 | CE73: 2164537.6 | CF73: 1455055.3 | CG73: 1561748.5 | CH73: 2151221.6 | CI73: 1619025.8 | CJ73: 2667586.4 | CK73: 2713725.6 | CL73: 2855754.3 | CM73: 2750735.3 | CN73: 3748633.2 | CO73: 3512790.5 | CP73: 3896851.4 | CQ73: 4083270 | CR73: 3528422.5 | CS73: 3780627.2 | CT73: 4377465.5 | CU73: 4325936.5 | CV73: 5801788.4 | CW73: 5561971.4 | CX73: 5943877.7 | CY73: 6834743.4 | CZ73: 8020223 | DA73: 6880643.6 | DB73: 7878207.8 | DC73: 8930617.3 | DD73: 7472576.5 | DE73: 8785535.9 | DF73: 8034024.8 | DG73: 9347552.8 | DH73: 12155642 | DI73: 10728369 | DJ73: 12728270 | DK73: 14622225 | DL73: 14767609 | DM73: 15571814 | DN73: 16853933 | DO73: 16309900 | DP73: 15230580 | DQ73: 15336497 | DR73: 16762282 | DS73: 12518477 | DT73: 18921813 | DU73: 15888392 | DV73: 16206669 | DW73: 18347092 | DX73: 17897790 | DY73: 19988297 | DZ73: 17501925 | EA73: 19298637 | EB73: 18015473 | EC73: 16051241 | ED73: 20168707 | EE73: 15927040 | EF73: 19672766 | EG73: 17939695 | EH73: 19293614 | EI73: 19932731 | EJ73: 21099516 | EK73: 23888398 | EL73: 20198490 | EM73: 22179807 | EN73: 7850911.7 | EO73: 2749246.3 | EP73: 2663504 | EQ73: 1520548.7 | ER73: 836290.94 | ES73: 0 | ET73: 0 | EU73: 0 | EV73: 0 | EW73: 0 | EX73: 0 | EY73: 0 | EZ73: 0 | FA73: 0 | FB73: 0 | FC73: 0 | FD73: 0 | FE73: 0 | FF73: 0 | FG73: 0 | FH73: 0 | FI73: 0 | FJ73: 0 | FK73: 0 | FL73: 0 | FM73: 0 | FN73: 0 | FO73: 0 | FP73: 0 | FQ73: 0 | FR73: 0 | FS73: 0 | FT73: 0 | FU73: 0 | FV73: 0 | FW73: 0 | FX73: 0 | FY73: 0 | FZ73: 0 | GA73: 0 | GB73: 0 | GC73: 0 | GD73: 0 | GE73: 0 | GF73: 0 | GG73: 0 | GH73: 0 | GI73: 0 | GJ73: 0 | GK73: 0 | GL73: 0 | GM73: 0 | GN73: 0 | GO73: 0
A74: 180+ | B74: 0 | C74: 0 | D74: 0 | E74: 0 | F74: 0 | G74: 0 | H74: 0 | I74: 0 | J74: 0 | K74: 0 | L74: 0 | M74: 0 | N74: 0 | O74: 0 | P74: 0 | Q74: 2152.37 | R74: 0 | S74: 7926.61 | T74: 0 | U74: 6243.59 | V74: 16220.32 | W74: 10194.2 | X74: 16514.16 | Y74: 0 | Z74: 11597.51 | AA74: 9857.38 | AB74: 24000.27 | AC74: 31580.73 | AD74: 46838.68 | AE74: 60218.74 | AF74: 42194.49 | AG74: 17295.77 | AH74: 35192.16 | AI74: 14263.6 | AJ74: 50898.44 | AK74: 36856.74 | AL74: 56528.4 | AM74: 59956.51 | AN74: 21893.63 | AO74: 65848.37 | AP74: 62052.74 | AQ74: 40751.79 | AR74: 69269.16 | AS74: 88304.62 | AT74: 110334.87 | AU74: 30826.74 | AV74: 63440.53 | AW74: 53300.24 | AX74: 85085.7 | AY74: 73793.89 | AZ74: 23040.35 | BA74: 88583.2 | BB74: 138310.98 | BC74: 179305.79 | BD74: 115792.19 | BE74: 162510.14 | BF74: 136188.68 | BG74: 152275.01 | BH74: 161287.03 | BI74: 209455.51 | BJ74: 232312.54 | BK74: 147786.32 | BL74: 285124.11 | BM74: 215578.96 | BN74: 180544.36 | BO74: 320635.05 | BP74: 354723.15 | BQ74: 455424.42 | BR74: 430834.76 | BS74: 429082.42 | BT74: 411558.52 | BU74: 448720.9 | BV74: 562858.21 | BW74: 630119.51 | BX74: 493403.9 | BY74: 649596.31 | BZ74: 746942.75 | CA74: 1214733.6 | CB74: 1067633.8 | CC74: 1210568.5 | CD74: 1312445.8 | CE74: 1562108.7 | CF74: 2097899.5 | CG74: 1410385.9 | CH74: 1508287.5 | CI74: 2083087.3 | CJ74: 1564250.9 | CK74: 2579101.4 | CL74: 2622271.9 | CM74: 2761983.4 | CN74: 2653735.4 | CO74: 3625452 | CP74: 3390510.3 | CQ74: 3767175.5 | CR74: 3941648.7 | CS74: 3408762.5 | CT74: 3641608.4 | CU74: 4224806.7 | CV74: 4168969.4 | CW74: 5598091.6 | CX74: 5360366.6 | CY74: 5731244.6 | CZ74: 6589101.2 | DA74: 7727433.1 | DB74: 6632255.7 | DC74: 7601327.4 | DD74: 8615070.2 | DE74: 7207235.4 | DF74: 8475106.4 | DG74: 7751927.1 | DH74: 9008166.1 | DI74: 11722531 | DJ74: 10347626 | DK74: 12270931 | DL74: 14091420 | DM74: 14227964 | DN74: 15004198 | DO74: 16249404 | DP74: 15705799 | DQ74: 14658662 | DR74: 14758851 | DS74: 16119278 | DT74: 12046245 | DU74: 18185088 | DV74: 15283935 | DW74: 15566049 | DX74: 17642641 | DY74: 17196395 | DZ74: 19201977 | EA74: 16799720 | EB74: 18545584 | EC74: 17305334 | ED74: 15413870 | EE74: 19417087 | EF74: 15322277 | EG74: 18913895 | EH74: 17276018 | EI74: 18578796 | EJ74: 19172092 | EK74: 20313468 | EL74: 23030311 | EM74: 19448528 | EN74: 21365048 | EO74: 7550902 | EP74: 2614412.3 | EQ74: 2530822.5 | ER74: 1429867.3 | ES74: 777771.1 | ET74: 0 | EU74: 0 | EV74: 0 | EW74: 0 | EX74: 0 | EY74: 0 | EZ74: 0 | FA74: 0 | FB74: 0 | FC74: 0 | FD74: 0 | FE74: 0 | FF74: 0 | FG74: 0 | FH74: 0 | FI74: 0 | FJ74: 0 | FK74: 0 | FL74: 0 | FM74: 0 | FN74: 0 | FO74: 0 | FP74: 0 | FQ74: 0 | FR74: 0 | FS74: 0 | FT74: 0 | FU74: 0 | FV74: 0 | FW74: 0 | FX74: 0 | FY74: 0 | FZ74: 0 | GA74: 0 | GB74: 0 | GC74: 0 | GD74: 0 | GE74: 0 | GF74: 0 | GG74: 0 | GH74: 0 | GI74: 0 | GJ74: 0 | GK74: 0 | GL74: 0 | GM74: 0 | GN74: 0 | GO74: 0
A75: GCO | B75: 0 | C75: 0 | D75: 0 | E75: 0 | F75: 0 | G75: 0 | H75: 0 | I75: 0 | J75: 0 | K75: 0 | L75: 0 | M75: 0 | N75: 0 | O75: 0 | P75: 0 | Q75: 0 | R75: 2068.31 | S75: 0 | T75: 7646.95 | U75: 0 | V75: 6056.87 | W75: 15613.61 | X75: 9826.62 | Y75: 15852.61 | Z75: 0 | AA75: 11082.08 | AB75: 9422.74 | AC75: 22927.66 | AD75: 29907.94 | AE75: 44714.31 | AF75: 57619.18 | AG75: 40538.07 | AH75: 16468.32 | AI75: 33649.45 | AJ75: 13704.37 | AK75: 48083.83 | AL75: 35047.06 | AM75: 54127.81 | AN75: 57544.79 | AO75: 20727.06 | AP75: 61892.25 | AQ75: 59211.82 | AR75: 38920.14 | AS75: 66293.48 | AT75: 84678.53 | AU75: 104712.14 | AV75: 29453.86 | AW75: 60308.21 | AX75: 51550.65 | AY75: 80520.87 | AZ75: 70510.14 | BA75: 21742.38 | BB75: 85749.68 | BC75: 133429 | BD75: 173691.47 | BE75: 111645.08 | BF75: 158138.35 | BG75: 130220.19 | BH75: 147319.77 | BI75: 156037.22 | BJ75: 199917.31 | BK75: 223614.49 | BL75: 141926.18 | BM75: 276922.06 | BN75: 208499.46 | BO75: 174051.76 | BP75: 310745.96 | BQ75: 342322.03 | BR75: 440764.43 | BS75: 416985.22 | BT75: 415556.01 | BU75: 399926.42 | BV75: 433558.87 | BW75: 544776.71 | BX75: 610455.41 | BY75: 477376.21 | BZ75: 626450.89 | CA75: 720273.96 | CB75: 1175152.1 | CC75: 1031427.7 | CD75: 1168597.5 | CE75: 1269029.8 | CF75: 1510468.6 | CG75: 2030404 | CH75: 1365142.2 | CI75: 1454142 | CJ75: 2014614.6 | CK75: 1508776.6 | CL75: 2489469.8 | CM75: 2529640.6 | CN75: 2667009.1 | CO75: 2556000.1 | CP75: 3500971.5 | CQ75: 3267016.7 | CR75: 3635845.7 | CS75: 3798391.7 | CT75: 3288009.4 | CU75: 3501481.2 | CV75: 4070240.6 | CW75: 4012292.9 | CX75: 5394097.6 | CY75: 5159559.5 | CZ75: 5518109 | DA75: 6342472.8 | DB75: 7436285 | DC75: 6383661.1 | DD75: 7322484.7 | DE75: 8298205.9 | DF75: 6943071 | DG75: 8161977.9 | DH75: 7468003.7 | DI75: 8666445.8 | DJ75: 11287457 | DK75: 9965252.2 | DL75: 11811608 | DM75: 13562938 | DN75: 13689251 | DO75: 14435024 | DP75: 15641175 | DQ75: 15101641 | DR75: 14087181 | DS75: 14177876 | DT75: 15481122 | DU75: 11574177 | DV75: 17442409 | DW75: 14679365 | DX75: 14925952 | DY75: 16932105 | DZ75: 16497880 | EA75: 18413297 | EB75: 16096610 | EC75: 17793463 | ED75: 16595294 | EE75: 14774194 | EF75: 18665768 | EG75: 14717324 | EH75: 18155827 | EI75: 16616898 | EJ75: 17867312 | EK75: 18423976 | EL75: 19525106 | EM75: 22175876 | EN75: 18710035 | EO75: 20553105 | EP75: 7251190.3 | EQ75: 2481997.3 | ER75: 2402473.4 | ES75: 1343795.7 | ET75: 722021.85 | EU75: 0 | EV75: 0 | EW75: 0 | EX75: 0 | EY75: 0 | EZ75: 0 | FA75: 0 | FB75: 0 | FC75: 0 | FD75: 0 | FE75: 0 | FF75: 0 | FG75: 0 | FH75: 0 | FI75: 0 | FJ75: 0 | FK75: 0 | FL75: 0 | FM75: 0 | FN75: 0 | FO75: 0 | FP75: 0 | FQ75: 0 | FR75: 0 | FS75: 0 | FT75: 0 | FU75: 0 | FV75: 0 | FW75: 0 | FX75: 0 | FY75: 0 | FZ75: 0 | GA75: 0 | GB75: 0 | GC75: 0 | GD75: 0 | GE75: 0 | GF75: 0 | GG75: 0 | GH75: 0 | GI75: 0 | GJ75: 0 | GK75: 0 | GL75: 0 | GM75: 0 | GN75: 0 | GO75: 0
A77: Grade C - Flow Rates
A78: FR 30 | D78: 0 | E78: 0 | F78: 0 | G78: 0 | H78: 0 | I78: 0 | J78: 0 | K78: 0 | L78: 0.001272 | M78: 0 | N78: 0.004099 | O78: 0 | P78: 0.002982 | Q78: 0.008028 | R78: 0.005075 | S78: 0.007773 | T78: 0 | U78: 0.004135 | V78: 0.003134 | W78: 0.006514 | X78: 0.007514 | Y78: 0.009836 | Z78: 0.011643 | AA78: 0.007408 | AB78: 0.00289 | AC78: 0.005386 | AD78: 0.001956 | AE78: 0.006694 | AF78: 0.004267 | AG78: 0.005844 | AH78: 0.005632 | AI78: 0.00199 | AJ78: 0.005666 | AK78: 0.004631 | AL78: 0.002871 | AM78: 0.004408 | AN78: 0.005132 | AO78: 0.006238 | AP78: 0.001606 | AQ78: 0.00326 | AR78: 0.002486 | AS78: 0.004018 | AT78: 0.003185 | AU78: 0.000997 | AV78: 0.003292 | AW78: 0.004908 | AX78: 0.005856 | AY78: 0.003603 | AZ78: 0.004552 | BA78: 0.003847 | BB78: 0.003882 | BC78: 0.003901 | BD78: 0.004988 | BE78: 0.004914 | BF78: 0.002913 | BG78: 0.005066 | BH78: 0.003615 | BI78: 0.002846 | BJ78: 0.004641 | BK78: 0.00473 | BL78: 0.005401 | BM78: 0.004583 | BN78: 0.004084 | BO78: 0.003491 | BP78: 0.003548 | BQ78: 0.003866 | BR78: 0.003754 | BS78: 0.002569 | BT78: 0.003009 | BU78: 0.003077 | BV78: 0.004452 | BW78: 0.003556 | BX78: 0.003649 | BY78: 0.003561 | BZ78: 0.003856 | CA78: 0.004717 | CB78: 0.002953 | CC78: 0.002984 | CD78: 0.003771 | CE78: 0.002684 | CF78: 0.004112 | CG78: 0.003955 | CH78: 0.003926 | CI78: 0.00366 | CJ78: 0.004545 | CK78: 0.004175 | CL78: 0.004617 | CM78: 0.004399 | CN78: 0.003631 | CO78: 0.003961 | CP78: 0.004236 | CQ78: 0.004079 | CR78: 0.005274 | CS78: 0.004828 | CT78: 0.004974 | CU78: 0.005584 | CV78: 0.006145 | CW78: 0.005092 | CX78: 0.005708 | CY78: 0.006112 | CZ78: 0.004972 | DA78: 0.005589 | DB78: 0.005035 | DC78: 0.005707 | DD78: 0.00703 | DE78: 0.006214 | DF78: 0.007479 | DG78: 0.008666 | DH78: 0.008768 | DI78: 0.009277 | DJ78: 0.010193 | DK78: 0.010034 | DL78: 0.009488 | DM78: 0.00969 | DN78: 0.010816 | DO78: 0.008286 | DP78: 0.01274 | DQ78: 0.011093 | DR78: 0.011628 | DS78: 0.013507 | DT78: 0.013647 | DU78: 0.015744 | DV78: 0.014424 | DW78: 0.016702 | DX78: 0.016508 | DY78: 0.015608 | DZ78: 0.020684 | EA78: 0.017776 | EB78: 0.023765 | EC78: 0.02383 | ED78: 0.028131 | EE78: 0.032769 | EF78: 0.039547 | EG78: 0.052267 | EH78: 0.054751 | EI78: 0.074266 | EJ78: 0.035408 | EK78: 0.017149 | EL78: 0.023267 | EM78: 0.023461 | EN78: 0.040216 | EO78: 0 | EP78: 0 | EQ78: 0 | ER78: 0 | ES78: 0 | ET78: 0 | EU78: 0 | EV78: 0 | EW78: 0 | EX78: 0 | EY78: 0 | EZ78: 0 | FA78: 0 | FB78: 0 | FC78: 0 | FD78: 0 | FE78: 0 | FF78: 0 | FG78: 0 | FH78: 0 | FI78: 0 | FJ78: 0 | FK78: 0 | FL78: 0 | FM78: 0 | FN78: 0 | FO78: 0 | FP78: 0 | FQ78: 0 | FR78: 0 | FS78: 0 | FT78: 0 | FU78: 0 | FV78: 0 | FW78: 0 | FX78: 0 | FY78: 0 | FZ78: 0 | GA78: 0 | GB78: 0 | GC78: 0 | GD78: 0 | GE78: 0 | GF78: 0 | GG78: 0 | GH78: 0 | GI78: 0 | GJ78: 0 | GK78: 0 | GL78: 0 | GM78: 0 | GN78: 0 | GO78: 0
A79: FR 60 | M79: 0.968708 | O79: 0.971203 | Q79: 0.975149 | R79: 0.969799 | S79: 0.970775 | T79: 0.968075 | V79: 0.965154 | W79: 0.965368 | X79: 0.965012 | Y79: 0.959832 | Z79: 0.964613 | AA79: 0.966064 | AB79: 0.968688 | AC79: 0.963003 | AD79: 0.965613 | AE79: 0.968756 | AF79: 0.958581 | AG79: 0.962302 | AH79: 0.966598 | AI79: 0.968126 | AJ79: 0.959779 | AK79: 0.955792 | AL79: 0.964448 | AM79: 0.960941 | AN79: 0.966346 | AO79: 0.967632 | AP79: 0.961286 | AQ79: 0.965342 | AR79: 0.959738 | AS79: 0.966319 | AT79: 0.959702 | AU79: 0.965369 | AV79: 0.958084 | AW79: 0.973795 | AX79: 0.971477 | AY79: 0.974286 | AZ79: 0.971119 | BA79: 0.977489 | BB79: 0.965812 | BC79: 0.973135 | BD79: 0.969287 | BE79: 0.96392 | BF79: 0.969185 | BG79: 0.96856 | BH79: 0.974255 | BI79: 0.973221 | BJ79: 0.971056 | BK79: 0.972218 | BL79: 0.970001 | BM79: 0.973209 | BN79: 0.972987 | BO79: 0.973889 | BP79: 0.975899 | BQ79: 0.972154 | BR79: 0.973793 | BS79: 0.974067 | BT79: 0.973296 | BU79: 0.971439 | BV79: 0.971353 | BW79: 0.9732 | BX79: 0.972527 | BY79: 0.972078 | BZ79: 0.973237 | CA79: 0.973246 | CB79: 0.973822 | CC79: 0.973931 | CD79: 0.971277 | CE79: 0.973071 | CF79: 0.970854 | CG79: 0.972082 | CH79: 0.971518 | CI79: 0.971983 | CJ79: 0.97049 | CK79: 0.972213 | CL79: 0.970676 | CM79: 0.971847 | CN79: 0.970772 | CO79: 0.971379 | CP79: 0.968565 | CQ79: 0.970404 | CR79: 0.969494 | CS79: 0.970133 | CT79: 0.969211 | CU79: 0.969333 | CV79: 0.969145 | CW79: 0.968857 | CX79: 0.96917 | CY79: 0.969811 | CZ79: 0.969846 | DA79: 0.969397 | DB79: 0.969949 | DC79: 0.970004 | DD79: 0.968774 | DE79: 0.969568 | DF79: 0.969577 | DG79: 0.969371 | DH79: 0.969044 | DI79: 0.968562 | DJ79: 0.969022 | DK79: 0.969158 | DL79: 0.968185 | DM79: 0.968094 | DN79: 0.968003 | DO79: 0.967432 | DP79: 0.967628 | DQ79: 0.967016 | DR79: 0.967713 | DS79: 0.966366 | DT79: 0.967435 | DU79: 0.966661 | DV79: 0.966478 | DW79: 0.966112 | DX79: 0.966535 | DY79: 0.966238 | DZ79: 0.966053 | EA79: 0.968068 | EB79: 0.967067 | EC79: 0.966618 | ED79: 0.96783 | EE79: 0.967723 | EF79: 0.966757 | EG79: 0.967422 | EH79: 0.968797 | EI79: 0.967678 | EJ79: 0.967635 | EK79: 0.965365 | EL79: 0.954411 | EM79: 0.954534 | EN79: 0.949642 | EO79: 0.939597
A80: FR 90 | N80: 0.967387 | P80: 0.970084 | R80: 0.974262 | S80: 0.968566 | T80: 0.9696 | U80: 0.966696 | W80: 0.963549 | X80: 0.963785 | Y80: 0.963391 | Z80: 0.957751 | AA80: 0.962952 | AB80: 0.964515 | AC80: 0.967339 | AD80: 0.96121 | AE80: 0.964031 | AF80: 0.967403 | AG80: 0.956344 | AH80: 0.960427 | AI80: 0.965075 | AJ80: 0.966714 | AK80: 0.95766 | AL80: 0.953272 | AM80: 0.962748 | AN80: 0.958905 | AO80: 0.964787 | AP80: 0.966166 | AQ80: 0.959286 | AR80: 0.963695 | AS80: 0.957582 | AT80: 0.964756 | AU80: 0.957541 | AV80: 0.963724 | AW80: 0.955771 | AX80: 0.972789 | AY80: 0.970312 | AZ80: 0.97331 | BA80: 0.969929 | BB80: 0.976712 | BC80: 0.964202 | BD80: 0.972087 | BE80: 0.97239 | BF80: 0.962153 | BG80: 0.967848 | BH80: 0.967169 | BI80: 0.973269 | BJ80: 0.97217 | BK80: 0.969853 | BL80: 0.971087 | BM80: 0.968943 | BN80: 0.972147 | BO80: 0.971905 | BP80: 0.972871 | BQ80: 0.975719 | BR80: 0.971002 | BS80: 0.972754 | BT80: 0.973506 | BU80: 0.972222 | BV80: 0.970228 | BW80: 0.970143 | BX80: 0.972113 | BY80: 0.971522 | BZ80: 0.970911 | CA80: 0.972146 | CB80: 0.972157 | CC80: 0.972773 | CD80: 0.972889 | CE80: 0.970049 | CF80: 0.971967 | CG80: 0.969597 | CH80: 0.970908 | CI80: 0.970305 | CJ80: 0.970806 | CK80: 0.9692 | CL80: 0.971101 | CM80: 0.969404 | CN80: 0.970662 | CO80: 0.969509 | CP80: 0.970165 | CQ80: 0.967321 | CR80: 0.96912 | CS80: 0.96829 | CT80: 0.969025 | CU80: 0.967928 | CV80: 0.968011 | CW80: 0.967925 | CX80: 0.9677 | CY80: 0.967884 | CZ80: 0.968668 | DA80: 0.968701 | DB80: 0.968099 | DC80: 0.968654 | DD80: 0.968832 | DE80: 0.967791 | DF80: 0.968345 | DG80: 0.968342 | DH80: 0.968109 | DI80: 0.967756 | DJ80: 0.967439 | DK80: 0.967822 | DL80: 0.967912 | DM80: 0.966982 | DN80: 0.966794 | DO80: 0.966619 | DP80: 0.966037 | DQ80: 0.966347 | DR80: 0.965656 | DS80: 0.966487 | DT80: 0.965039 | DU80: 0.966012 | DV80: 0.965185 | DW80: 0.96519 | DX80: 0.964727 | DY80: 0.965099 | DZ80: 0.965084 | EA80: 0.964629 | EB80: 0.96683 | EC80: 0.966052 | ED80: 0.965296 | EE80: 0.966634 | EF80: 0.966584 | EG80: 0.965491 | EH80: 0.966154 | EI80: 0.967582 | EJ80: 0.966495 | EK80: 0.966597 | EL80: 0.964099 | EM80: 0.953335 | EN80: 0.952968 | EO80: 0.947977 | EP80: 0.936065
A81: FR 120 | O81: 0.965963 | Q81: 0.968885 | S81: 0.973318 | T81: 0.96724 | U81: 0.96834 | V81: 0.965207 | X81: 0.961808 | Y81: 0.962066 | Z81: 0.961631 | AA81: 0.955466 | AB81: 0.961147 | AC81: 0.962836 | AD81: 0.965883 | AE81: 0.959255 | AF81: 0.962315 | AG81: 0.965945 | AH81: 0.953879 | AI81: 0.958377 | AJ81: 0.963425 | AK81: 0.965188 | AL81: 0.955331 | AM81: 0.950479 | AN81: 0.960898 | AO81: 0.956671 | AP81: 0.963096 | AQ81: 0.96458 | AR81: 0.957094 | AS81: 0.961906 | AT81: 0.955211 | AU81: 0.963061 | AV81: 0.955164 | AW81: 0.961936 | AX81: 0.953216 | AY81: 0.971716 | AZ81: 0.969063 | BA81: 0.97227 | BB81: 0.968651 | BC81: 0.975888 | BD81: 0.962454 | BE81: 0.971266 | BF81: 0.971282 | BG81: 0.960226 | BH81: 0.96738 | BI81: 0.965667 | BJ81: 0.972545 | BK81: 0.971047 | BL81: 0.96856 | BM81: 0.969876 | BN81: 0.967571 | BO81: 0.971352 | BP81: 0.970746 | BQ81: 0.971783 | BR81: 0.974816 | BS81: 0.969767 | BT81: 0.971643 | BU81: 0.972447 | BV81: 0.971072 | BW81: 0.968927 | BX81: 0.968844 | BY81: 0.971041 | BZ81: 0.970309 | CA81: 0.969659 | CB81: 0.970978 | CC81: 0.970991 | CD81: 0.971651 | CE81: 0.971775 | CF81: 0.968729 | CG81: 0.970785 | CH81: 0.96841 | CI81: 0.969648 | CJ81: 0.969003 | CK81: 0.969765 | CL81: 0.967811 | CM81: 0.96986 | CN81: 0.968133 | CO81: 0.96939 | CP81: 0.968226 | CQ81: 0.968862 | CR81: 0.965991 | CS81: 0.967893 | CT81: 0.966859 | CU81: 0.967725 | CV81: 0.966767 | CW81: 0.966744 | CX81: 0.966724 | CY81: 0.966243 | CZ81: 0.966524 | DA81: 0.967563 | DB81: 0.967341 | DC81: 0.967115 | DD81: 0.967445 | DE81: 0.967501 | DF81: 0.966535 | DG81: 0.967157 | DH81: 0.967154 | DI81: 0.966911 | DJ81: 0.966457 | DK81: 0.966139 | DL81: 0.966571 | DM81: 0.966677 | DN81: 0.965638 | DO81: 0.965378 | DP81: 0.965225 | DQ81: 0.964673 | DR81: 0.964992 | DS81: 0.964312 | DT81: 0.965152 | DU81: 0.963578 | DV81: 0.964472 | DW81: 0.964135 | DX81: 0.963859 | DY81: 0.963081 | DZ81: 0.963944 | EA81: 0.963518 | EB81: 0.963393 | EC81: 0.965613 | ED81: 0.964753 | EE81: 0.963999 | EF81: 0.965555 | EG81: 0.965315 | EH81: 0.964243 | EI81: 0.965111 | EJ81: 0.966459 | EK81: 0.965508 | EL81: 0.965331 | EM81: 0.963097 | EN81: 0.953365 | EO81: 0.952463 | EP81: 0.94569 | EQ81: 0.935118
A82: FR 150 | P82: 0.964425 | R82: 0.967599 | T82: 0.972313 | U82: 0.965812 | V82: 0.966984 | W82: 0.963596 | Y82: 0.95991 | Z82: 0.960195 | AA82: 0.959713 | AB82: 0.952944 | AC82: 0.959177 | AD82: 0.96101 | AE82: 0.964309 | AF82: 0.957114 | AG82: 0.960446 | AH82: 0.964368 | AI82: 0.951148 | AJ82: 0.956127 | AK82: 0.961632 | AL82: 0.963534 | AM82: 0.952759 | AN82: 0.947364 | AO82: 0.958876 | AP82: 0.954209 | AQ82: 0.961256 | AR82: 0.962859 | AS82: 0.95468 | AT82: 0.959953 | AU82: 0.952589 | AV82: 0.969857 | AW82: 0.952536 | AX82: 0.959986 | AY82: 0.950381 | AZ82: 0.970567 | BA82: 0.967719 | BB82: 0.971158 | BC82: 0.967276 | BD82: 0.975015 | BE82: 0.960548 | BF82: 0.970087 | BG82: 0.970095 | BH82: 0.958118 | BI82: 0.9659 | BJ82: 0.964041 | BK82: 0.972109 | BL82: 0.969844 | BM82: 0.967168 | BN82: 0.968574 | BO82: 0.968047 | BP82: 0.97016 | BQ82: 0.970244 | BR82: 0.97062 | BS82: 0.973855 | BT82: 0.968438 | BU82: 0.970454 | BV82: 0.971313 | BW82: 0.96984 | BX82: 0.967525 | BY82: 0.967445 | BZ82: 0.969799 | CA82: 0.969007 | CB82: 0.968312 | CC82: 0.969724 | CD82: 0.96974 | CE82: 0.970449 | CF82: 0.970582 | CG82: 0.967306 | CH82: 0.969563 | CI82: 0.967674 | CJ82: 0.968292 | CK82: 0.967693 | CL82: 0.968598 | CM82: 0.966311 | CN82: 0.968525 | CO82: 0.966663 | CP82: 0.968127 | CQ82: 0.966807 | CR82: 0.967457 | CS82: 0.964832 | CT82: 0.966497 | CU82: 0.965297 | CV82: 0.966461 | CW82: 0.965302 | CX82: 0.965614 | CY82: 0.965472 | CZ82: 0.965102 | DA82: 0.965252 | DB82: 0.966206 | DC82: 0.966124 | DD82: 0.965784 | DE82: 0.965974 | DF82: 0.966152 | DG82: 0.965132 | DH82: 0.965736 | DI82: 0.965758 | DJ82: 0.965538 | DK82: 0.965107 | DL82: 0.964792 | DM82: 0.965157 | DN82: 0.965418 | DO82: 0.964406 | DP82: 0.963957 | DQ82: 0.96378 | DR82: 0.963213 | DS82: 0.963596 | DT82: 0.962849 | DU82: 0.963651 | DV82: 0.961885 | DW82: 0.963189 | DX82: 0.962541 | DY82: 0.962143 | DZ82: 0.961595 | EA82: 0.962487 | EB82: 0.96192 | EC82: 0.961946 | ED82: 0.964208 | EE82: 0.963324 | EF82: 0.96284 | EG82: 0.964362 | EH82: 0.963989 | EI82: 0.963177 | EJ82: 0.963901 | EK82: 0.965307 | EL82: 0.964164 | EM82: 0.964143 | EN82: 0.962736 | EO82: 0.952715 | EP82: 0.951717 | EQ82: 0.943398 | ER82: 0.932447
A83: FR 180 | Q83: 0.962758 | S83: 0.966214 | U83: 0.971241 | V83: 0.964268 | W83: 0.965523 | X83: 0.961847 | Z83: 0.957835 | AA83: 0.958151 | AB83: 0.957614 | AC83: 0.950149 | AD83: 0.957019 | AE83: 0.959017 | AF83: 0.962602 | AG83: 0.95476 | AH83: 0.958404 | AI83: 0.962656 | AJ83: 0.948108 | AK83: 0.953647 | AL83: 0.959675 | AM83: 0.961737 | AN83: 0.949904 | AO83: 0.943869 | AP83: 0.95666 | AQ83: 0.951482 | AR83: 0.959246 | AS83: 0.960985 | AT83: 0.95201 | AU83: 0.957816 | AV83: 0.949676 | AW83: 0.968566 | AX83: 0.949615 | AY83: 0.95785 | AZ83: 0.947218 | BA83: 0.969336 | BB83: 0.96627 | BC83: 0.969967 | BD83: 0.965791 | BE83: 0.974087 | BF83: 0.958464 | BG83: 0.968821 | BH83: 0.968821 | BI83: 0.955801 | BJ83: 0.964298 | BK83: 0.962274 | BL83: 0.972351 | BM83: 0.968552 | BN83: 0.965666 | BO83: 0.967172 | BP83: 0.966602 | BQ83: 0.969166 | BR83: 0.969214 | BS83: 0.969371 | BT83: 0.972831 | BU83: 0.967006 | BV83: 0.969177 | BW83: 0.970098 | BX83: 0.968913 | BY83: 0.96601 | BZ83: 0.965933 | CA83: 0.968543 | CB83: 0.967604 | CC83: 0.966898 | CD83: 0.968375 | CE83: 0.968394 | CF83: 0.969214 | CG83: 0.969301 | CH83: 0.965768 | CI83: 0.968328 | CJ83: 0.966168 | CK83: 0.96683 | CL83: 0.9663 | CM83: 0.967164 | CN83: 0.964737 | CO83: 0.96714 | CP83: 0.96519 | CQ83: 0.966723 | CR83: 0.965317 | CS83: 0.966087 | CT83: 0.963229 | CU83: 0.965126 | CV83: 0.963715 | CW83: 0.964891 | CX83: 0.963753 | CY83: 0.964227 | CZ83: 0.96406 | DA83: 0.963494 | DB83: 0.9639 | DC83: 0.964855 | DD83: 0.964667 | DE83: 0.964491 | DF83: 0.964666 | DG83: 0.964887 | DH83: 0.963692 | DI83: 0.96437 | DJ83: 0.964511 | DK83: 0.964069 | DL83: 0.963699 | DM83: 0.963458 | DN83: 0.963549 | DO83: 0.964131 | DP83: 0.962961 | DQ83: 0.962449 | DR83: 0.962335 | DS83: 0.96164 | DT83: 0.962277 | DU83: 0.961065 | DV83: 0.961956 | DW83: 0.960472 | DX83: 0.961604 | DY83: 0.960811 | DZ83: 0.960661 | EA83: 0.959878 | EB83: 0.960979 | EC83: 0.960582 | ED83: 0.960291 | EE83: 0.962733 | EF83: 0.962029 | EG83: 0.961425 | EH83: 0.963005 | EI83: 0.962951 | EJ83: 0.96184 | EK83: 0.962746 | EL83: 0.964079 | EM83: 0.96287 | EN83: 0.963266 | EO83: 0.961787 | EP83: 0.950956 | EQ83: 0.950185 | ER83: 0.940363 | ES83: 0.930025
A84: FR GCO | R84: 0.960945 | T84: 0.96472 | V84: 0.970094 | W84: 0.962596 | X84: 0.963942 | Y84: 0.95994 | AA84: 0.955557 | AB84: 0.955907 | AC84: 0.955308 | AD84: 0.947032 | AE84: 0.954645 | AF84: 0.956831 | AG84: 0.960743 | AH84: 0.952159 | AI84: 0.956163 | AJ84: 0.960793 | AK84: 0.944701 | AL84: 0.9509 | AM84: 0.957533 | AN84: 0.959775 | AO84: 0.946716 | AP84: 0.939921 | AQ84: 0.954218 | AR84: 0.955054 | AS84: 0.957042 | AT84: 0.958937 | AU84: 0.949039 | AV84: 0.955465 | AW84: 0.950626 | AX84: 0.967175 | AY84: 0.94635 | AZ84: 0.955501 | BA84: 0.943665 | BB84: 0.968013 | BC84: 0.964703 | BD84: 0.968689 | BE84: 0.964185 | BF84: 0.973098 | BG84: 0.956175 | BH84: 0.967459 | BI84: 0.967451 | BJ84: 0.954462 | BK84: 0.962559 | BL84: 0.960347 | BM84: 0.971233 | BN84: 0.967161 | BO84: 0.964039 | BP84: 0.969158 | BQ84: 0.96504 | BR84: 0.96781 | BS84: 0.967854 | BT84: 0.968476 | BU84: 0.971736 | BV84: 0.966211 | BW84: 0.967876 | BX84: 0.968793 | BY84: 0.967516 | BZ84: 0.96437 | CA84: 0.964296 | CB84: 0.967415 | CC84: 0.966088 | CD84: 0.96533 | CE84: 0.96692 | CF84: 0.966942 | CG84: 0.967827 | CH84: 0.967921 | CI84: 0.964101 | CJ84: 0.967129 | CK84: 0.964536 | CL84: 0.965247 | CM84: 0.964675 | CN84: 0.965614 | CO84: 0.963171 | CP84: 0.965665 | CQ84: 0.963577 | CR84: 0.965138 | CS84: 0.963656 | CT84: 0.964576 | CU84: 0.961521 | CV84: 0.963415 | CW84: 0.962418 | CX84: 0.96356 | CY84: 0.962539 | CZ84: 0.962812 | DA84: 0.96257 | DB84: 0.962323 | DC84: 0.962517 | DD84: 0.963317 | DE84: 0.96322 | DF84: 0.963347 | DG84: 0.963053 | DH84: 0.963374 | DI84: 0.962065 | DJ84: 0.962886 | DK84: 0.963047 | DL84: 0.962568 | DM84: 0.962496 | DN84: 0.962137 | DO84: 0.962066 | DP84: 0.962569 | DQ84: 0.961533 | DR84: 0.961014 | DS84: 0.960636 | DT84: 0.96041 | DU84: 0.960812 | DV84: 0.95916 | DW84: 0.960444 | DX84: 0.958879 | DY84: 0.959726 | DZ84: 0.95938 | EA84: 0.958927 | EB84: 0.958147 | EC84: 0.959445 | ED84: 0.95897 | EE84: 0.9585 | EF84: 0.961306 | EG84: 0.960518 | EH84: 0.95992 | EI84: 0.961848 | EJ84: 0.961704 | EK84: 0.960979 | EL84: 0.96119 | EM84: 0.9629 | EN84: 0.962028 | EO84: 0.961997 | EP84: 0.960308 | EQ84: 0.949352 | ER84: 0.949286 | ES84: 0.939804 | ET84: 0.928322
A86: Grade C - FTR Diagonal
A87: FTR | L87: 0.00102742 | N87: 0.00337503 | P87: 0.00252584 | Q87: 0.00653873 | R87: 0.00416314 | S87: 0.00624708 | U87: 0.00324954 | V87: 0.00246702 | W87: 0.00511259 | X87: 0.00565908 | Y87: 0.00769528 | Z87: 0.00921141 | AA87: 0.00597979 | AB87: 0.0022328 | AC87: 0.00424688 | AD87: 0.00157975 | AE87: 0.00498692 | AF87: 0.00327726 | AG87: 0.0046409 | AH87: 0.00452516 | AI87: 0.00149694 | AJ87: 0.00412433 | AK87: 0.0036165 | AL87: 0.00219476 | AM87: 0.00349242 | AN87: 0.00410627 | AO87: 0.00474854 | AP87: 0.00126237 | AQ87: 0.00246091 | AR87: 0.00202795 | AS87: 0.00301894 | AT87: 0.00250444 | AU87: 0.00073899 | AV87: 0.00275933 | AW87: 0.00404423 | AX87: 0.00492675 | AY87: 0.00296127 | AZ87: 0.00391997 | BA87: 0.00303544 | BB87: 0.00324338 | BC87: 0.00324734 | BD87: 0.00388295 | BE87: 0.00399763 | BF87: 0.00234765 | BG87: 0.00428851 | BH87: 0.00301741 | BI87: 0.00233745 | BJ87: 0.0038582 | BK87: 0.00388397 | BL87: 0.00451685 | BM87: 0.00382904 | BN87: 0.00342644 | BO87: 0.00298304 | BP87: 0.00293858 | BQ87: 0.00323877 | BR87: 0.00316028 | BS87: 0.00214607 | BT87: 0.00247711 | BU87: 0.00253126 | BV87: 0.00371605 | BW87: 0.00295322 | BX87: 0.0030184 | BY87: 0.00297056 | BZ87: 0.00321689 | CA87: 0.00395234 | CB87: 0.00247578 | CC87: 0.00245305 | CD87: 0.00314418 | CE87: 0.00220606 | CF87: 0.00340081 | CG87: 0.00325861 | CH87: 0.00325017 | CI87: 0.00299126 | CJ87: 0.00376466 | CK87: 0.00341909 | CL87: 0.00381384 | CM87: 0.00360527 | CN87: 0.00298902 | CO87: 0.00320316 | CP87: 0.00346504 | CQ87: 0.00331432 | CR87: 0.00431087 | CS87: 0.00392061 | CT87: 0.00404438 | CU87: 0.00453653 | CV87: 0.00498137 | CW87: 0.00413474 | CX87: 0.00465928 | CY87: 0.00498681 | CZ87: 0.00404948 | DA87: 0.00455923 | DB87: 0.00411145 | DC87: 0.004628 | DD87: 0.00572416 | DE87: 0.0050614 | DF87: 0.00608085 | DG87: 0.00703116 | DH87: 0.00709922 | DI87: 0.00752425 | DJ87: 0.00828144 | DK87: 0.00810017 | DL87: 0.00764377 | DM87: 0.00779704 | DN87: 0.00867496 | DO87: 0.0066613 | DP87: 0.01018221 | DQ87: 0.00891542 | DR87: 0.00925686 | DS87: 0.01082193 | DT87: 0.01089229 | DU87: 0.01254646 | DV87: 0.01145071 | DW87: 0.0133273 | DX87: 0.01314227 | DY87: 0.01240707 | DZ87: 0.01668121 | EA87: 0.01426143 | EB87: 0.0189948 | EC87: 0.01922804 | ED87: 0.02267583 | EE87: 0.0262565 | EF87: 0.03182082 | EG87: 0.04243165 | EH87: 0.04415591 | EI87: 0.059908 | EJ87: 0.02822169 | EK87: 0.01279482 | EL87: 0.0173052 | EM87: 0.0166525 | EN87: 0.02662734
A89: Grade C - Loss Metrics
A90: GCO | C90: 0 | D90: 0 | E90: 0 | F90: 0 | G90: 0 | H90: 0 | I90: 0 | J90: 0 | K90: 0 | L90: 0 | M90: 0 | N90: 0 | O90: 0 | P90: 0 | Q90: 0 | R90: 2068.31 | S90: 0 | T90: 7646.95 | U90: 0 | V90: 6056.87 | W90: 15613.61 | X90: 9826.62 | Y90: 15852.61 | Z90: 0 | AA90: 11082.08 | AB90: 9422.74 | AC90: 22927.66 | AD90: 29907.94 | AE90: 44714.31 | AF90: 57619.18 | AG90: 40538.07 | AH90: 16468.32 | AI90: 33649.45 | AJ90: 13704.37 | AK90: 48083.83 | AL90: 35047.06 | AM90: 54127.81 | AN90: 57544.79 | AO90: 20727.06 | AP90: 61892.25 | AQ90: 59211.82 | AR90: 38920.14 | AS90: 66293.48 | AT90: 84678.53 | AU90: 104712.14 | AV90: 29453.86 | AW90: 60308.21 | AX90: 51550.65 | AY90: 80520.87 | AZ90: 70510.14 | BA90: 21742.38 | BB90: 85749.68 | BC90: 133429 | BD90: 173691.47 | BE90: 111645.08 | BF90: 158138.35 | BG90: 130220.19 | BH90: 147319.77 | BI90: 156037.22 | BJ90: 199917.31 | BK90: 223614.49 | BL90: 141926.18 | BM90: 276922.06 | BN90: 208499.46 | BO90: 174051.76 | BP90: 310745.96 | BQ90: 342322.03 | BR90: 440764.43 | BS90: 416985.22 | BT90: 415556.01 | BU90: 399926.42 | BV90: 433558.87 | BW90: 544776.71 | BX90: 610455.41 | BY90: 477376.21 | BZ90: 626450.89 | CA90: 720273.96 | CB90: 1175152.1 | CC90: 1031427.7 | CD90: 1168597.5 | CE90: 1269029.8 | CF90: 1510468.6 | CG90: 2030404 | CH90: 1365142.2 | CI90: 1454142 | CJ90: 2014614.6 | CK90: 1508776.6 | CL90: 2489469.8 | CM90: 2529640.6 | CN90: 2667009.1 | CO90: 2556000.1 | CP90: 3500971.5 | CQ90: 3267016.7 | CR90: 3635845.7 | CS90: 3798391.7 | CT90: 3288009.4 | CU90: 3501481.2 | CV90: 4070240.6 | CW90: 4012292.9 | CX90: 5394097.6 | CY90: 5159559.5 | CZ90: 5518109 | DA90: 6342472.8 | DB90: 7436285 | DC90: 6383661.1 | DD90: 7322484.7 | DE90: 8298205.9 | DF90: 6943071 | DG90: 8161977.9 | DH90: 7468003.7 | DI90: 8666445.8 | DJ90: 11287457 | DK90: 9965252.2 | DL90: 11811608 | DM90: 13562938 | DN90: 13689251 | DO90: 14435024 | DP90: 15641175 | DQ90: 15101641 | DR90: 14087181 | DS90: 14177876 | DT90: 15481122 | DU90: 11574177 | DV90: 17442409 | DW90: 14679365 | DX90: 14925952 | DY90: 16932105 | DZ90: 16497880 | EA90: 18413297 | EB90: 16096610 | EC90: 17793463 | ED90: 16595294 | EE90: 14774194 | EF90: 18665768 | EG90: 14717324 | EH90: 18155827 | EI90: 16616898 | EJ90: 17867312 | EK90: 18423976 | EL90: 19525106 | EM90: 22175876 | EN90: 18710035 | EO90: 20553105 | EP90: 7251190.3 | EQ90: 2481997.3 | ER90: 2402473.4 | ES90: 1343795.7 | ET90: 722021.85 | EU90: 0 | EV90: 0 | EW90: 0 | EX90: 0 | EY90: 0 | EZ90: 0 | FA90: 0 | FB90: 0 | FC90: 0 | FD90: 0 | FE90: 0 | FF90: 0 | FG90: 0 | FH90: 0 | FI90: 0 | FJ90: 0 | FK90: 0 | FL90: 0 | FM90: 0 | FN90: 0 | FO90: 0 | FP90: 0 | FQ90: 0 | FR90: 0 | FS90: 0 | FT90: 0 | FU90: 0 | FV90: 0 | FW90: 0 | FX90: 0 | FY90: 0 | FZ90: 0 | GA90: 0 | GB90: 0 | GC90: 0 | GD90: 0 | GE90: 0 | GF90: 0 | GG90: 0 | GH90: 0 | GI90: 0 | GJ90: 0 | GK90: 0 | GL90: 0 | GM90: 0 | GN90: 0 | GO90: 0
A91: Recovery | C91: 0 | D91: 0 | E91: 0 | F91: 0 | G91: 0 | H91: 0 | I91: 0 | J91: 0 | K91: 0 | L91: 0 | M91: 0 | N91: 0 | O91: 0 | P91: 0 | Q91: 0 | R91: 0 | S91: 0 | T91: 0 | U91: 0 | V91: 0 | W91: 0 | X91: 455.95 | Y91: 0 | Z91: 933.61 | AA91: 0 | AB91: 174.19 | AC91: 3273.88 | AD91: 1794.24 | AE91: 4547.81 | AF91: 0 | AG91: 4179.8 | AH91: 3666.22 | AI91: 8656.32 | AJ91: 15055.41 | AK91: 17742.84 | AL91: 20613.44 | AM91: 9669.19 | AN91: 7992.98 | AO91: 13069.79 | AP91: 3539.74 | AQ91: 29353.09 | AR91: 19753.04 | AS91: 18047.05 | AT91: 15916.09 | AU91: 12753.94 | AV91: 49107.06 | AW91: 24438.03 | AX91: 22785.12 | AY91: 23549.19 | AZ91: 23070.01 | BA91: 56840.93 | BB91: 13420.52 | BC91: 37887.04 | BD91: 23542.2 | BE91: 46729.44 | BF91: 39712.51 | BG91: 14835.15 | BH91: 22830.3 | BI91: 41491.35 | BJ91: 50612.5 | BK91: 36597.91 | BL91: 48429.84 | BM91: 62775.63 | BN91: 57348.41 | BO91: 63188.71 | BP91: 122551.05 | BQ91: 111203.54 | BR91: 67040.69 | BS91: 93961.19 | BT91: 74897.75 | BU91: 64073.89 | BV91: 117221.34 | BW91: 130430.24 | BX91: 141685.27 | BY91: 128951.06 | BZ91: 114055.28 | CA91: 115321.4 | CB91: 120273.72 | CC91: 135254.55 | CD91: 147501.33 | CE91: 171966.19 | CF91: 204691.72 | CG91: 265143.2 | CH91: 392984.54 | CI91: 315017.51 | CJ91: 401650.31 | CK91: 384377.11 | CL91: 452821.45 | CM91: 586619.07 | CN91: 409070.08 | CO91: 514046.17 | CP91: 672601.54 | CQ91: 543870.25 | CR91: 846695.74 | CS91: 904011.75 | CT91: 946476.15 | CU91: 1073053.7 | CV91: 1342139.2 | CW91: 1361131.4 | CX91: 1388385.4 | CY91: 1576773.4 | CZ91: 1327886.7 | DA91: 1710123.3 | DB91: 1730224.8 | DC91: 1889060.3 | DD91: 2363865 | DE91: 2537945.4 | DF91: 2591764.3 | DG91: 3283930.4 | DH91: 3658721.8 | DI91: 3095286.1 | DJ91: 3456799.2 | DK91: 3870659.4 | DL91: 3278572.3 | DM91: 3737963 | DN91: 3500723.6 | DO91: 4156808.3 | DP91: 5348391.1 | DQ91: 4861396.7 | DR91: 5751114 | DS91: 6729420.7 | DT91: 6868785.1 | DU91: 7191281.5 | DV91: 7902846.3 | DW91: 8116192.6 | DX91: 7481658.4 | DY91: 7741150.7 | DZ91: 8679090.1 | EA91: 6809313.7 | EB91: 10378703 | EC91: 8451978 | ED91: 9091354.9 | EE91: 9930852.5 | EF91: 10316516 | EG91: 11303805 | EH91: 10525131 | EI91: 11027237 | EJ91: 10902790 | EK91: 9745756.2 | EL91: 11018646 | EM91: 9217660 | EN91: 11762433 | EO91: 10309358 | EP91: 11007434 | EQ91: 12107411 | ER91: 12664642 | ES91: 13099130 | ET91: 11817893 | EU91: 13259713 | EV91: 5478126.4 | EW91: 3081152.2 | EX91: 2913726.9 | EY91: 2094679.1 | EZ91: 1477363.2 | FA91: 0 | FB91: 0 | FC91: 0 | FD91: 0 | FE91: 0 | FF91: 0 | FG91: 0 | FH91: 0 | FI91: 0 | FJ91: 0 | FK91: 0 | FL91: 0 | FM91: 0 | FN91: 0 | FO91: 0 | FP91: 0 | FQ91: 0 | FR91: 0 | FS91: 0 | FT91: 0 | FU91: 0 | FV91: 0 | FW91: 0 | FX91: 0 | FY91: 0 | FZ91: 0 | GA91: 0 | GB91: 0 | GC91: 0 | GD91: 0 | GE91: 0 | GF91: 0 | GG91: 0 | GH91: 0 | GI91: 0 | GJ91: 0 | GK91: 0 | GL91: 0 | GM91: 0 | GN91: 0 | GO91: 0
A92: NCO | C92: 0 | D92: 0 | E92: 0 | F92: 0 | G92: 0 | H92: 0 | I92: 0 | J92: 0 | K92: 0 | L92: 0 | M92: 0 | N92: 0 | O92: 0 | P92: 0 | Q92: 0 | R92: 2068.31 | S92: 0 | T92: 7646.95 | U92: 0 | V92: 6056.87 | W92: 15613.61 | X92: 9370.67 | Y92: 15852.61 | Z92: -933.61 | AA92: 11082.08 | AB92: 9248.55 | AC92: 19653.78 | AD92: 28113.7 | AE92: 40166.5 | AF92: 57619.18 | AG92: 36358.27 | AH92: 12802.1 | AI92: 24993.13 | AJ92: -1351.04 | AK92: 30340.99 | AL92: 14433.62 | AM92: 44458.62 | AN92: 49551.81 | AO92: 7657.27 | AP92: 58352.51 | AQ92: 29858.73 | AR92: 19167.1 | AS92: 48246.43 | AT92: 68762.44 | AU92: 91958.2 | AV92: -19653.2 | AW92: 35870.18 | AX92: 28765.53 | AY92: 56971.68 | AZ92: 47440.13 | BA92: -35098.55 | BB92: 72329.16 | BC92: 95541.96 | BD92: 150149.27 | BE92: 64915.64 | BF92: 118425.84 | BG92: 115385.04 | BH92: 124489.47 | BI92: 114545.87 | BJ92: 149304.81 | BK92: 187016.58 | BL92: 93496.34 | BM92: 214146.43 | BN92: 151151.05 | BO92: 110863.05 | BP92: 188194.91 | BQ92: 231118.49 | BR92: 373723.74 | BS92: 323024.03 | BT92: 340658.26 | BU92: 335852.53 | BV92: 316337.53 | BW92: 414346.47 | BX92: 468770.14 | BY92: 348425.15 | BZ92: 512395.61 | CA92: 604952.56 | CB92: 1054878.4 | CC92: 896173.19 | CD92: 1021096.2 | CE92: 1097063.6 | CF92: 1305776.8 | CG92: 1765260.8 | CH92: 972157.67 | CI92: 1139124.5 | CJ92: 1612964.3 | CK92: 1124399.5 | CL92: 2036648.4 | CM92: 1943021.6 | CN92: 2257939.1 | CO92: 2041953.9 | CP92: 2828369.9 | CQ92: 2723146.5 | CR92: 2789150 | CS92: 2894380 | CT92: 2341533.2 | CU92: 2428427.5 | CV92: 2728101.4 | CW92: 2651161.5 | CX92: 4005712.2 | CY92: 3582786.1 | CZ92: 4190222.3 | DA92: 4632349.5 | DB92: 5706060.2 | DC92: 4494600.8 | DD92: 4958619.7 | DE92: 5760260.6 | DF92: 4351306.7 | DG92: 4878047.5 | DH92: 3809281.9 | DI92: 5571159.7 | DJ92: 7830657.7 | DK92: 6094592.8 | DL92: 8533035.7 | DM92: 9824974.6 | DN92: 10188527 | DO92: 10278216 | DP92: 10292784 | DQ92: 10240244 | DR92: 8336066.7 | DS92: 7448455.7 | DT92: 8612336.9 | DU92: 4382895.6 | DV92: 9539563.2 | DW92: 6563172.8 | DX92: 7444293.4 | DY92: 9190954.5 | DZ92: 7818789.7 | EA92: 11603984 | EB92: 5717906.5 | EC92: 9341485.4 | ED92: 7503938.9 | EE92: 4843341.6 | EF92: 8349251.7 | EG92: 3413519 | EH92: 7630695.9 | EI92: 5589661.1 | EJ92: 6964522.3 | EK92: 8678219.4 | EL92: 8506459.7 | EM92: 12958216 | EN92: 6947602.2 | EO92: 10243746 | EP92: -3756244 | EQ92: -9625413.5 | ER92: -10262169 | ES92: -11755335 | ET92: -11095871 | EU92: -13259713 | EV92: -5478126.4 | EW92: -3081152.2 | EX92: -2913726.9 | EY92: -2094679.1 | EZ92: -1477363.2 | FA92: 0 | FB92: 0 | FC92: 0 | FD92: 0 | FE92: 0 | FF92: 0 | FG92: 0 | FH92: 0 | FI92: 0 | FJ92: 0 | FK92: 0 | FL92: 0 | FM92: 0 | FN92: 0 | FO92: 0 | FP92: 0 | FQ92: 0 | FR92: 0 | FS92: 0 | FT92: 0 | FU92: 0 | FV92: 0 | FW92: 0 | FX92: 0 | FY92: 0 | FZ92: 0 | GA92: 0 | GB92: 0 | GC92: 0 | GD92: 0 | GE92: 0 | GF92: 0 | GG92: 0 | GH92: 0 | GI92: 0 | GJ92: 0 | GK92: 0 | GL92: 0 | GM92: 0 | GN92: 0 | GO92: 0
A93: Loss Rate | C93: 0 | D93: 0 | E93: 0 | F93: 0 | G93: 0 | H93: 0 | I93: 0 | J93: 0 | K93: 0 | L93: 0 | M93: 0 | N93: 0 | O93: 0 | P93: 0 | Q93: 0 | R93: 0.0008 | S93: 0 | T93: 0.0022 | U93: 0 | V93: 0.0013 | W93: 0.0029 | X93: 0.0016 | Y93: 0.0025 | Z93: -0.0001 | AA93: 0.0015 | AB93: 0.0011 | AC93: 0.0022 | AD93: 0.0028 | AE93: 0.0037 | AF93: 0.0048 | AG93: 0.0028 | AH93: 0.0009 | AI93: 0.0016 | AJ93: -0.0001 | AK93: 0.0017 | AL93: 0.0007 | AM93: 0.0021 | AN93: 0.0022 | AO93: 0.0003 | AP93: 0.0023 | AQ93: 0.0012 | AR93: 0.0007 | AS93: 0.0017 | AT93: 0.0023 | AU93: 0.0029 | AV93: -0.0006 | AW93: 0.001 | AX93: 0.0008 | AY93: 0.0014 | AZ93: 0.0011 | BA93: -0.0008 | BB93: 0.0015 | BC93: 0.0018 | BD93: 0.0026 | BE93: 0.0011 | BF93: 0.0018 | BG93: 0.0016 | BH93: 0.0016 | BI93: 0.0014 | BJ93: 0.0017 | BK93: 0.0019 | BL93: 0.0008 | BM93: 0.0017 | BN93: 0.0011 | BO93: 0.0007 | BP93: 0.0011 | BQ93: 0.0012 | BR93: 0.0017 | BS93: 0.0013 | BT93: 0.0012 | BU93: 0.001 | BV93: 0.0009 | BW93: 0.0011 | BX93: 0.0011 | BY93: 0.0007 | BZ93: 0.001 | CA93: 0.0011 | CB93: 0.0018 | CC93: 0.0014 | CD93: 0.0015 | CE93: 0.0015 | CF93: 0.0017 | CG93: 0.0021 | CH93: 0.0011 | CI93: 0.0012 | CJ93: 0.0017 | CK93: 0.0012 | CL93: 0.0019 | CM93: 0.0017 | CN93: 0.002 | CO93: 0.0017 | CP93: 0.0023 | CQ93: 0.0021 | CR93: 0.0021 | CS93: 0.0021 | CT93: 0.0016 | CU93: 0.0016 | CV93: 0.0017 | CW93: 0.0016 | CX93: 0.0023 | CY93: 0.002 | CZ93: 0.0023 | DA93: 0.0025 | DB93: 0.003 | DC93: 0.0022 | DD93: 0.0024 | DE93: 0.0029 | DF93: 0.0022 | DG93: 0.0024 | DH93: 0.0019 | DI93: 0.0028 | DJ93: 0.004 | DK93: 0.0031 | DL93: 0.0045 | DM93: 0.0052 | DN93: 0.0055 | DO93: 0.0057 | DP93: 0.0059 | DQ93: 0.006 | DR93: 0.005 | DS93: 0.0046 | DT93: 0.0055 | DU93: 0.0029 | DV93: 0.0066 | DW93: 0.0048 | DX93: 0.0057 | DY93: 0.0074 | DZ93: 0.0068 | EA93: 0.0109 | EB93: 0.0058 | EC93: 0.0104 | ED93: 0.0092 | EE93: 0.0066 | EF93: 0.013 | EG93: 0.0062 | EH93: 0.0161 | EI93: 0.0143 | EJ93: 0.0221 | EK93: 0.0362 | EL93: 0.0526 | EM93: 0.1526 | EN93: 0.166 | EO93: 0.523 | EP93: -0.3279 | EQ93: -1.145 | ER93: -1.8389 | ES93: -2.9726 | ET93: -3.6486 | EU93: -4.5643 | EV93: -1.9781 | EW93: -1.1694 | EX93: -1.1643 | EY93: -0.8826 | EZ93: -0.6572 | FA93: 0 | FB93: 0 | FC93: 0 | FD93: 0 | FE93: 0 | FF93: 0 | FG93: 0 | FH93: 0 | FI93: 0 | FJ93: 0 | FK93: 0 | FL93: 0 | FM93: 0 | FN93: 0 | FO93: 0 | FP93: 0 | FQ93: 0 | FR93: 0 | FS93: 0 | FT93: 0 | FU93: 0 | FV93: 0 | FW93: 0 | FX93: 0 | FY93: 0 | FZ93: 0 | GA93: 0 | GB93: 0 | GC93: 0 | GD93: 0 | GE93: 0 | GF93: 0 | GG93: 0 | GH93: 0 | GI93: 0 | GJ93: 0 | GK93: 0 | GL93: 0 | GM93: 0 | GN93: 0 | GO93: 0
A95: Grade C - DCF-ECL
A96: ECL Reserve (DCF-ECL) | C96: -427.63 | D96: -520.38 | E96: -676.42 | F96: -1172.14 | G96: -1786.75 | H96: -3319.13 | I96: -5183.43 | J96: -6582.77 | K96: -10017.55 | L96: -10406.51 | M96: -9488.5 | N96: -8820.14 | O96: -8224.24 | P96: -7251.71 | Q96: -6120.44 | R96: -6112.53 | S96: -6639.22 | T96: -9117.97 | U96: -9977.24 | V96: -12439.48 | W96: -15204.27 | X96: -16227.86 | Y96: -17006.43 | Z96: -17691.18 | AA96: -18310.02 | AB96: -18487.99 | AC96: -19600.61 | AD96: -21443.64 | AE96: -23812.7 | AF96: -25290.48 | AG96: -26742.02 | AH96: -28273.31 | AI96: -29716.21 | AJ96: -32392.14 | AK96: -34726.52 | AL96: -37620.04 | AM96: -43147.04 | AN96: -47255.42 | AO96: -49603.47 | AP96: -49932.51 | AQ96: -49115.23 | AR96: -52507.16 | AS96: -57502.15 | AT96: -60030.1 | AU96: -67310.7 | AV96: -73453.06 | AW96: -80397.72 | AX96: -88941.45 | AY96: -96255.66 | AZ96: -102224.44 | BA96: -106815.22 | BB96: -112502.89 | BC96: -123248.13 | BD96: -142758.04 | BE96: -161077.72 | BF96: -176104.72 | BG96: -194401.3 | BH96: -216993.62 | BI96: -240301.76 | BJ96: -273011.98 | BK96: -315480.83 | BL96: -367094.93 | BM96: -422836.66 | BN96: -476433.83 | BO96: -530623.64 | BP96: -626964.42 | BQ96: -749335.7 | BR96: -891923.35 | BS96: -1027304.1 | BT96: -1169121.2 | BU96: -1291998.1 | BV96: -1410309.1 | BW96: -1549565.7 | BX96: -1693468.4 | BY96: -1836969.5 | BZ96: -1980591.5 | CA96: -2065835.4 | CB96: -2158593.4 | CC96: -2599695.4 | CD96: -2971368.9 | CE96: -3349004 | CF96: -3695808.4 | CG96: -3997276.8 | CH96: -4145794.3 | CI96: -4777879.3 | CJ96: -4767698.2 | CK96: -4422969.5 | CL96: -5268605.6 | CM96: -5464368.8 | CN96: -4943654.7 | CO96: -5508993.9 | CP96: -5492676.8 | CQ96: -5518170.8 | CR96: -5859828.1 | CS96: -5952790.6 | CT96: -5832121.7 | CU96: -6443617.8 | CV96: -6550304.3 | CW96: -6291537.4 | CX96: -6777179.4 | CY96: -6809924.1 | CZ96: -6992831.4 | DA96: -10546137 | DB96: -14475299 | DC96: -20215817 | DD96: -20784763 | DE96: -19635121 | DF96: -19647684 | DG96: -20406018 | DH96: -20327204 | DI96: -19023996 | DJ96: -18265949 | DK96: -17677104 | DL96: -16636530 | DM96: -15453235 | DN96: -14134629 | DO96: -13638712 | DP96: -11927662 | DQ96: -11128916 | DR96: -9751514.3 | DS96: -8635670.1 | DT96: -7275963.5 | DU96: -5562231.2 | DV96: -3293815.7 | DW96: -968867.14 | DX96: 1479365.2 | DY96: 3798203.6 | DZ96: 6416975 | EA96: 8729530.7 | EB96: 10686114 | EC96: 12557430 | ED96: 14693504 | EE96: 16358197 | EF96: 18176288 | EG96: 20132104 | EH96: 21478601 | EI96: 22952250 | EJ96: 24088791 | EK96: 24879019 | EL96: 25011393 | EM96: 24478769 | EN96: 24660720 | EO96: 24934661 | EP96: 25041733 | EQ96: 24714297 | ER96: 24398599 | ES96: 24194249 | ET96: 23542469 | EU96: 22888720 | EV96: 22335253 | EW96: 21562111 | EX96: 21033146 | EY96: 20307544 | EZ96: 19599999 | FA96: 18766920 | FB96: 18014204 | FC96: 17027554 | FD96: 16068762 | FE96: 15321081 | FF96: 14447021 | FG96: 13596967 | FH96: 12770316 | FI96: 12017542 | FJ96: 11265113 | FK96: 10268931 | FL96: 9636649.6 | FM96: 9147621.3 | FN96: 8576917.3 | FO96: 7934270.7 | FP96: 7409489.5 | FQ96: 7011885.5 | FR96: 6558138.9 | FS96: 6102834 | FT96: 5706030.8 | FU96: 5330311.7 | FV96: 4931315.1 | FW96: 4453640.4 | FX96: 4083983.1 | FY96: 3637946.7 | FZ96: 3242215.9 | GA96: 2845240.1 | GB96: 2460906.6 | GC96: 2071369.6 | GD96: 1809230.9 | GE96: 1546730.6 | GF96: 1277444.1 | GG96: 1071368.6 | GH96: 900948.05 | GI96: 731479.49 | GJ96: 570819.76 | GK96: 418121.65 | GL96: 306512.74 | GM96: 216158.69 | GN96: 142355.54 | GO96: 95163.07
A97: ALLL Ratio (DCF-ECL) | C97: -0.005822 | D97: -0.005459 | E97: -0.005166 | F97: -0.005125 | G97: -0.005083 | H97: -0.005189 | I97: -0.005134 | J97: -0.004993 | K97: -0.004976 | L97: -0.00463 | M97: -0.004183 | N97: -0.003779 | O97: -0.003414 | P97: -0.003014 | Q97: -0.002553 | R97: -0.002366 | S97: -0.002342 | T97: -0.002632 | U97: -0.002567 | V97: -0.002731 | W97: -0.002833 | X97: -0.002742 | Y97: -0.002657 | Z97: -0.00253 | AA97: -0.002403 | AB97: -0.002263 | AC97: -0.002195 | AD97: -0.002172 | AE97: -0.002177 | AF97: -0.002128 | AG97: -0.002064 | AH97: -0.002001 | AI97: -0.001945 | AJ97: -0.001939 | AK97: -0.001921 | AL97: -0.001947 | AM97: -0.002056 | AN97: -0.002105 | AO97: -0.002082 | AP97: -0.002001 | AQ97: -0.001898 | AR97: -0.001935 | AS97: -0.002008 | AT97: -0.002009 | AU97: -0.002141 | AV97: -0.002198 | AW97: -0.002248 | AX97: -0.002319 | AY97: -0.002346 | AZ97: -0.002341 | BA97: -0.002306 | BB97: -0.002296 | BC97: -0.002349 | BD97: -0.002506 | BE97: -0.002614 | BF97: -0.00268 | BG97: -0.002761 | BH97: -0.002862 | BI97: -0.002933 | BJ97: -0.003046 | BK97: -0.003179 | BL97: -0.003311 | BM97: -0.003426 | BN97: -0.003492 | BO97: -0.003534 | BP97: -0.003668 | BQ97: -0.003821 | BR97: -0.003954 | BS97: -0.004011 | BT97: -0.004059 | BU97: -0.004036 | BV97: -0.003984 | BW97: -0.003949 | BX97: -0.00391 | BY97: -0.003857 | BZ97: -0.003798 | CA97: -0.003685 | CB97: -0.003584 | CC97: -0.003996 | CD97: -0.004277 | CE97: -0.004507 | CF97: -0.004687 | CG97: -0.004796 | CH97: -0.004771 | CI97: -0.005053 | CJ97: -0.004901 | CK97: -0.004548 | CL97: -0.004905 | CM97: -0.00487 | CN97: -0.004431 | CO97: -0.004597 | CP97: -0.004447 | CQ97: -0.004323 | CR97: -0.004362 | CS97: -0.004272 | CT97: -0.004079 | CU97: -0.004218 | CV97: -0.004139 | CW97: -0.003901 | CX97: -0.003969 | CY97: -0.003866 | CZ97: -0.003803 | DA97: -0.005649 | DB97: -0.007527 | DC97: -0.009982 | DD97: -0.010255 | DE97: -0.009806 | DF97: -0.009851 | DG97: -0.010202 | DH97: -0.010176 | DI97: -0.009636 | DJ97: -0.009344 | DK97: -0.009116 | DL97: -0.008678 | DM97: -0.008203 | DN97: -0.007686 | DO97: -0.007531 | DP97: -0.006827 | DQ97: -0.006498 | DR97: -0.005854 | DS97: -0.005333 | DT97: -0.004624 | DU97: -0.003661 | DV97: -0.002275 | DW97: -0.000703 | DX97: 0.001131 | DY97: 0.003078 | DZ97: 0.005584 | EA97: 0.008168 | EB97: 0.010909 | EC97: 0.013923 | ED97: 0.017983 | EE97: 0.022314 | EF97: 0.028248 | EG97: 0.036415 | EH97: 0.045439 | EI97: 0.058721 | EJ97: 0.076605 | EK97: 0.103697 | EL97: 0.15458 | EM97: 0.288317 | EN97: 0.589339 | EO97: 1.272973 | EP97: 2.185887 | EQ97: 2.939918 | ER97: 4.371919 | ES97: 6.117965 | ET97: 7.741441 | EU97: 7.878769 | EV97: 8.065176 | EW97: 8.183826 | EX97: 8.404432 | EY97: 8.556277 | EZ97: 8.71932 | FA97: 8.837926 | FB97: 9.004492 | FC97: 9.04827 | FD97: 9.066367 | FE97: 9.167508 | FF97: 9.189923 | FG97: 9.20742 | FH97: 9.215091 | FI97: 9.255227 | FJ97: 9.270966 | FK97: 9.050527 | FL97: 9.108842 | FM97: 9.278997 | FN97: 9.353894 | FO97: 9.298712 | FP97: 9.348532 | FQ97: 9.528601 | FR97: 9.584177 | FS97: 9.570472 | FT97: 9.608808 | FU97: 9.682268 | FV97: 9.732367 | FW97: 9.624834 | FX97: 9.739094 | FY97: 9.666291 | FZ97: 9.688477 | GA97: 9.701038 | GB97: 9.687418 | GC97: 9.588461 | GD97: 9.992174 | GE97: 10.398189 | GF97: 10.844091 | GG97: 11.658744 | GH97: 13.158605 | GI97: 14.715489 | GJ97: 17.540279 | GK97: 20.403223 | GL97: 29.112461 | GM97: 43.695716 | GN97: 51.731676 | GO97: 179.92989
A100: Grade D - Balances | B100: 39234 | C100: 39264 | D100: 39295 | E100: 39326 | F100: 39356 | G100: 39387 | H100: 39417 | I100: 39448 | J100: 39479 | K100: 39508 | L100: 39539 | M100: 39569 | N100: 39600 | O100: 39630 | P100: 39661 | Q100: 39692 | R100: 39722 | S100: 39753 | T100: 39783 | U100: 39814 | V100: 39845 | W100: 39873 | X100: 39904 | Y100: 39934 | Z100: 39965 | AA100: 39995 | AB100: 40026 | AC100: 40057 | AD100: 40087 | AE100: 40118 | AF100: 40148 | AG100: 40179 | AH100: 40210 | AI100: 40238 | AJ100: 40269 | AK100: 40299 | AL100: 40330 | AM100: 40360 | AN100: 40391 | AO100: 40422 | AP100: 40452 | AQ100: 40483 | AR100: 40513 | AS100: 40544 | AT100: 40575 | AU100: 40603 | AV100: 40634 | AW100: 40664 | AX100: 40695 | AY100: 40725 | AZ100: 40756 | BA100: 40787 | BB100: 40817 | BC100: 40848 | BD100: 40878 | BE100: 40909 | BF100: 40940 | BG100: 40969 | BH100: 41000 | BI100: 41030 | BJ100: 41061 | BK100: 41091 | BL100: 41122 | BM100: 41153 | BN100: 41183 | BO100: 41214 | BP100: 41244 | BQ100: 41275 | BR100: 41306 | BS100: 41334 | BT100: 41365 | BU100: 41395 | BV100: 41426 | BW100: 41456 | BX100: 41487 | BY100: 41518 | BZ100: 41548 | CA100: 41579 | CB100: 41609 | CC100: 41640 | CD100: 41671 | CE100: 41699 | CF100: 41730 | CG100: 41760 | CH100: 41791 | CI100: 41821 | CJ100: 41852 | CK100: 41883 | CL100: 41913 | CM100: 41944 | CN100: 41974 | CO100: 42005 | CP100: 42036 | CQ100: 42064 | CR100: 42095 | CS100: 42125 | CT100: 42156 | CU100: 42186 | CV100: 42217 | CW100: 42248 | CX100: 42278 | CY100: 42309 | CZ100: 42339 | DA100: 42370 | DB100: 42401 | DC100: 42430 | DD100: 42461 | DE100: 42491 | DF100: 42522 | DG100: 42552 | DH100: 42583 | DI100: 42614 | DJ100: 42644 | DK100: 42675 | DL100: 42705 | DM100: 42736 | DN100: 42767 | DO100: 42795 | DP100: 42826 | DQ100: 42856 | DR100: 42887 | DS100: 42917 | DT100: 42948 | DU100: 42979 | DV100: 43009 | DW100: 43040 | DX100: 43070 | DY100: 43101 | DZ100: 43132 | EA100: 43160 | EB100: 43191 | EC100: 43221 | ED100: 43252 | EE100: 43282 | EF100: 43313 | EG100: 43344 | EH100: 43374 | EI100: 43405 | EJ100: 43435 | EK100: 43466 | EL100: 43497 | EM100: 43525 | EN100: 43556 | EO100: 43586 | EP100: 43617 | EQ100: 43647 | ER100: 43678 | ES100: 43709 | ET100: 43739 | EU100: 43770 | EV100: 43800 | EW100: 43831 | EX100: 43862 | EY100: 43891 | EZ100: 43922 | FA100: 43952 | FB100: 43983 | FC100: 44013 | FD100: 44044 | FE100: 44075 | FF100: 44105 | FG100: 44136 | FH100: 44166 | FI100: 44197 | FJ100: 44228 | FK100: 44256 | FL100: 44287 | FM100: 44317 | FN100: 44348 | FO100: 44378 | FP100: 44409 | FQ100: 44440 | FR100: 44470 | FS100: 44501 | FT100: 44531 | FU100: 44562 | FV100: 44593 | FW100: 44621 | FX100: 44652 | FY100: 44682 | FZ100: 44713 | GA100: 44743 | GB100: 44774 | GC100: 44805 | GD100: 44835 | GE100: 44866 | GF100: 44896 | GG100: 44927 | GH100: 44958 | GI100: 44986 | GJ100: 45017 | GK100: 45047 | GL100: 45078 | GM100: 45108 | GN100: 45139 | GO100: 45170
A101: Current | B101: 0 | C101: 0 | D101: 34900 | E101: 51942.19 | F101: 95638.36 | G101: 126364.09 | H101: 346881.93 | I101: 640753.41 | J101: 937564.83 | K101: 1458634.4 | L101: 1571010.2 | M101: 1597470.5 | N101: 1591216.7 | O101: 1584306.6 | P101: 1574961.3 | Q101: 1512418 | R101: 1575529.2 | S101: 1732855.4 | T101: 1939581.8 | U101: 2312682 | V101: 2684575.6 | W101: 3107272.7 | X101: 3507032 | Y101: 3768723 | Z101: 3933366.3 | AA101: 4179549.9 | AB101: 4437578.1 | AC101: 4698598.2 | AD101: 5507875 | AE101: 6549650.2 | AF101: 7282777.9 | AG101: 8026372.5 | AH101: 8780200.6 | AI101: 9616973 | AJ101: 10514576 | AK101: 11607435 | AL101: 12675508 | AM101: 13889300 | AN101: 15085299 | AO101: 16353809 | AP101: 17198299 | AQ101: 18045906 | AR101: 19164180 | AS101: 20697563 | AT101: 22049573 | AU101: 23688670 | AV101: 25418946 | AW101: 27521160 | AX101: 29423039 | AY101: 31049301 | AZ101: 33550534 | BA101: 35360021 | BB101: 37413451 | BC101: 39525557 | BD101: 42822697 | BE101: 45962862 | BF101: 49180189 | BG101: 52277001 | BH101: 55534813 | BI101: 59973967 | BJ101: 66074219 | BK101: 74529742 | BL101: 83081760 | BM101: 92694018 | BN101: 1.0451001e+08 | BO101: 1.1772197e+08 | BP101: 1.2551394e+08 | BQ101: 1.3322202e+08 | BR101: 1.41261e+08 | BS101: 1.5162973e+08 | BT101: 1.656584e+08 | BU101: 1.8148622e+08 | BV101: 1.9743929e+08 | BW101: 2.1426053e+08 | BX101: 2.3006171e+08 | BY101: 2.4672121e+08 | BZ101: 2.6624939e+08 | CA101: 2.9191601e+08 | CB101: 3.2188397e+08 | CC101: 3.5447474e+08 | CD101: 3.8616963e+08 | CE101: 4.185838e+08 | CF101: 4.5350919e+08 | CG101: 4.8990482e+08 | CH101: 5.2191533e+08 | CI101: 5.8611744e+08 | CJ101: 6.1354902e+08 | CK101: 6.1530595e+08 | CL101: 6.8215924e+08 | CM101: 7.1146243e+08 | CN101: 7.0688145e+08 | CO101: 7.5948446e+08 | CP101: 7.7924748e+08 | CQ101: 8.0289212e+08 | CR101: 8.4117894e+08 | CS101: 8.6763462e+08 | CT101: 8.8464615e+08 | CU101: 9.3439477e+08 | CV101: 9.5700348e+08 | CW101: 9.6851222e+08 | CX101: 1.0054811e+09 | CY101: 1.0172434e+09 | CZ101: 1.0496121e+09 | DA101: 1.0525945e+09 | DB101: 1.0638026e+09 | DC101: 1.1061334e+09 | DD101: 1.0985264e+09 | DE101: 1.0816437e+09 | DF101: 1.0631115e+09 | DG101: 1.0564716e+09 | DH101: 1.0477199e+09 | DI101: 1.0288313e+09 | DJ101: 1.0138447e+09 | DK101: 9.993427e+08 | DL101: 9.9094164e+08 | DM101: 9.7001793e+08 | DN101: 9.3144533e+08 | DO101: 9.0687667e+08 | DP101: 8.6010612e+08 | DQ101: 8.3040964e+08 | DR101: 7.932342e+08 | DS101: 7.575597e+08 | DT101: 7.2414907e+08 | DU101: 6.8843347e+08 | DV101: 6.5734871e+08 | DW101: 6.2724019e+08 | DX101: 5.9537775e+08 | DY101: 5.6298875e+08 | DZ101: 5.219517e+08 | EA101: 4.8843904e+08 | EB101: 4.4320075e+08 | EC101: 4.0849993e+08 | ED101: 3.6422762e+08 | EE101: 3.2081102e+08 | EF101: 2.7515627e+08 | EG101: 2.2425956e+08 | EH101: 1.8150526e+08 | EI101: 1.3343227e+08 | EJ101: 1.0019054e+08 | EK101: 71796389 | EL101: 42356333 | EM101: 15123617 | EN101: 3356221.6 | EO101: 3213287.8 | EP101: 3075780.4 | EQ101: 2939466 | ER101: 2807526.4 | ES101: 2682993 | ET101: 2560461.4 | EU101: 2439220.1 | EV101: 2325493.7 | EW101: 2212798.2 | EX101: 2102321.5 | EY101: 1993828.7 | EZ101: 1888706.8 | FA101: 1785589 | FB101: 1682263.7 | FC101: 1584661.6 | FD101: 1491221.4 | FE101: 1400698.4 | FF101: 1315397.7 | FG101: 1233956.4 | FH101: 1160296.8 | FI101: 1088462.3 | FJ101: 1019991.3 | FK101: 955034.71 | FL101: 893925.16 | FM101: 835311.45 | FN101: 783170.31 | FO101: 732501.47 | FP101: 687206.56 | FQ101: 645736.52 | FR101: 607322.73 | FS101: 573422.46 | FT101: 538974.34 | FU101: 505708.39 | FV101: 471903.77 | FW101: 438172.87 | FX101: 403894.38 | FY101: 369720.59 | FZ101: 334991.11 | GA101: 300799.13 | GB101: 266311.49 | GC101: 232865.99 | GD101: 200350.94 | GE101: 168517.89 | GF101: 137378.61 | GG101: 109058.87 | GH101: 83922.35 | GI101: 60646.24 | GJ101: 42820.37 | GK101: 27374.56 | GL101: 16808.45 | GM101: 9582.79 | GN101: 4371.25 | GO101: 1071.32
A102: 30+ | B102: 0 | C102: 0 | D102: 0 | E102: 0 | F102: 0 | G102: 0 | H102: 0 | I102: 0 | J102: 0 | K102: 0 | L102: 0 | M102: 0 | N102: 16447.97 | O102: 28970.26 | P102: 35445.43 | Q102: 6761.16 | R102: 22503.85 | S102: 70497.9 | T102: 0 | U102: 24050.07 | V102: 10308.14 | W102: 21197.87 | X102: 27600.9 | Y102: 8164.45 | Z102: 36357.3 | AA102: 7978.02 | AB102: 39033.76 | AC102: 17465.23 | AD102: 35561.83 | AE102: 25151.53 | AF102: 13448.79 | AG102: 80927.23 | AH102: 56223.05 | AI102: 7817.45 | AJ102: 26474.8 | AK102: 105329.27 | AL102: 55100.16 | AM102: 71211.23 | AN102: 66342.34 | AO102: 27038.83 | AP102: 158861.98 | AQ102: 76703.72 | AR102: 41014.6 | AS102: 107533.56 | AT102: 105212.48 | AU102: 98034.94 | AV102: 91130.42 | AW102: 113175.08 | AX102: 100131.79 | AY102: 78930.14 | AZ102: 203718.89 | BA102: 147212.72 | BB102: 187411.87 | BC102: 237782.49 | BD102: 89146.5 | BE102: 198655.23 | BF102: 242231.62 | BG102: 320633.68 | BH102: 320913.54 | BI102: 167252.09 | BJ102: 296500.66 | BK102: 402069.39 | BL102: 358180.67 | BM102: 463223.4 | BN102: 552598.43 | BO102: 780142.66 | BP102: 738678.52 | BQ102: 698966.73 | BR102: 657267.31 | BS102: 1035539 | BT102: 656506.13 | BU102: 942177.42 | BV102: 968506.64 | BW102: 1095765.4 | BX102: 1244216.1 | BY102: 1481326.5 | BZ102: 1977837.9 | CA102: 1732907.1 | CB102: 1512022.4 | CC102: 1552306.4 | CD102: 2296322 | CE102: 1871360 | CF102: 2142175 | CG102: 2366756.1 | CH102: 2506233 | CI102: 3403425.7 | CJ102: 3542976 | CK102: 3597100.8 | CL102: 3862089.1 | CM102: 4763032.3 | CN102: 3716755.5 | CO102: 4697146.6 | CP102: 5019074.4 | CQ102: 4573919.9 | CR102: 5392921.4 | CS102: 6097690.8 | CT102: 6252099.9 | CU102: 6995755.3 | CV102: 8843015.7 | CW102: 9063317.8 | CX102: 9594247.3 | CY102: 10579043 | CZ102: 8451128.4 | DA102: 9422867.8 | DB102: 9268041.4 | DC102: 9936129.7 | DD102: 12662794 | DE102: 11217163 | DF102: 13948434 | DG102: 14778153 | DH102: 15794460 | DI102: 16091441 | DJ102: 16507307 | DK102: 16163171 | DL102: 14475598 | DM102: 14995242 | DN102: 15937566 | DO102: 13117045 | DP102: 19174292 | DQ102: 14091457 | DR102: 15650297 | DS102: 17001373 | DT102: 16403352 | DU102: 17212353 | DV102: 16239895 | DW102: 15802804 | DX102: 15325133 | DY102: 13689367 | DZ102: 15558638 | EA102: 12678434 | EB102: 16384245 | EC102: 13732591 | ED102: 16552599 | EE102: 16523728 | EF102: 16924196 | EG102: 18725899 | EH102: 16850666 | EI102: 19172717 | EJ102: 6850511.1 | EK102: 2827585.1 | EL102: 2309970.7 | EM102: 1469922.3 | EN102: 711222.27 | EO102: 0 | EP102: 0 | EQ102: 0 | ER102: 0 | ES102: 0 | ET102: 0 | EU102: 0 | EV102: 0 | EW102: 0 | EX102: 0 | EY102: 0 | EZ102: 0 | FA102: 0 | FB102: 0 | FC102: 0 | FD102: 0 | FE102: 0 | FF102: 0 | FG102: 0 | FH102: 0 | FI102: 0 | FJ102: 0 | FK102: 0 | FL102: 0 | FM102: 0 | FN102: 0 | FO102: 0 | FP102: 0 | FQ102: 0 | FR102: 0 | FS102: 0 | FT102: 0 | FU102: 0 | FV102: 0 | FW102: 0 | FX102: 0 | FY102: 0 | FZ102: 0 | GA102: 0 | GB102: 0 | GC102: 0 | GD102: 0 | GE102: 0 | GF102: 0 | GG102: 0 | GH102: 0 | GI102: 0 | GJ102: 0 | GK102: 0 | GL102: 0 | GM102: 0 | GN102: 0 | GO102: 0
A103: 60+ | B103: 0 | C103: 0 | D103: 0 | E103: 0 | F103: 0 | G103: 0 | H103: 0 | I103: 0 | J103: 0 | K103: 0 | L103: 0 | M103: 0 | N103: 0 | O103: 15983.23 | P103: 28166.2 | Q103: 34450.34 | R103: 6537.48 | S103: 21820.85 | T103: 68183 | U103: 0 | V103: 23163.41 | W103: 10053.51 | X103: 20359.91 | Y103: 26807.06 | Z103: 7831.42 | AA103: 35374.21 | AB103: 7765.87 | AC103: 37560.73 | AD103: 16933.1 | AE103: 34292.45 | AF103: 24154.79 | AG103: 12803.45 | AH103: 78352.68 | AI103: 53955.44 | AJ103: 7433.93 | AK103: 24793.5 | AL103: 101564.22 | AM103: 52937.54 | AN103: 68702.44 | AO103: 63570.56 | AP103: 25892.48 | AQ103: 153330.82 | AR103: 73934.95 | AS103: 39380.03 | AT103: 103604.51 | AU103: 102732.62 | AV103: 94598.93 | AW103: 88696.1 | AX103: 108909.98 | AY103: 97852.01 | AZ103: 77246.45 | BA103: 199688.98 | BB103: 144223.01 | BC103: 182170.19 | BD103: 231601.09 | BE103: 87374.04 | BF103: 193161.61 | BG103: 235832.56 | BH103: 313950.29 | BI103: 314340.04 | BJ103: 162938.86 | BK103: 290542.89 | BL103: 393580.47 | BM103: 349420.7 | BN103: 451239.32 | BO103: 540623.58 | BP103: 762327.04 | BQ103: 721879.42 | BR103: 680800.96 | BS103: 642571.16 | BT103: 1010043.4 | BU103: 640395.47 | BV103: 920248.36 | BW103: 943762.93 | BX103: 1069257.2 | BY103: 1214116.8 | BZ103: 1444540 | CA103: 1928522 | CB103: 1685739.2 | CC103: 1469955.6 | CD103: 1509862.4 | CE103: 2237914 | CF103: 1821869.5 | CG103: 2088415.5 | CH103: 2303619.7 | CI103: 2440476.5 | CJ103: 3319448.4 | CK103: 3448778.5 | CL103: 3505768.4 | CM103: 3764988.5 | CN103: 4642875 | CO103: 3624829.6 | CP103: 4582358.4 | CQ103: 4897869.2 | CR103: 4461468.5 | CS103: 5259476.4 | CT103: 5949983.8 | CU103: 6096570.9 | CV103: 6819376 | CW103: 8623899.2 | CX103: 8842507.6 | CY103: 9360546.6 | CZ103: 10311411 | DA103: 8244799.5 | DB103: 9188845.2 | DC103: 9037040.5 | DD103: 9684036.7 | DE103: 12334261 | DF103: 10938298 | DG103: 13588127 | DH103: 14398128 | DI103: 15386053 | DJ103: 15678629 | DK103: 16070180 | DL103: 15725564 | DM103: 14089417 | DN103: 14583358 | DO103: 15506138 | DP103: 12747159 | DQ103: 18638913 | DR103: 13684276 | DS103: 15204359 | DT103: 16514008 | DU103: 15932363 | DV103: 16705212 | DW103: 15759347 | DX103: 15321922 | DY103: 14856216 | DZ103: 13260703 | EA103: 15095934 | EB103: 12305753 | EC103: 15890547 | ED103: 13329527 | EE103: 16088495 | EF103: 16033752 | EG103: 16432174 | EH103: 18209709 | EI103: 16392086 | EJ103: 18644670 | EK103: 6611130.9 | EL103: 2721622.5 | EM103: 2225707 | EN103: 1399658.1 | EO103: 677307.71 | EP103: 0 | EQ103: 0 | ER103: 0 | ES103: 0 | ET103: 0 | EU103: 0 | EV103: 0 | EW103: 0 | EX103: 0 | EY103: 0 | EZ103: 0 | FA103: 0 | FB103: 0 | FC103: 0 | FD103: 0 | FE103: 0 | FF103: 0 | FG103: 0 | FH103: 0 | FI103: 0 | FJ103: 0 | FK103: 0 | FL103: 0 | FM103: 0 | FN103: 0 | FO103: 0 | FP103: 0 | FQ103: 0 | FR103: 0 | FS103: 0 | FT103: 0 | FU103: 0 | FV103: 0 | FW103: 0 | FX103: 0 | FY103: 0 | FZ103: 0 | GA103: 0 | GB103: 0 | GC103: 0 | GD103: 0 | GE103: 0 | GF103: 0 | GG103: 0 | GH103: 0 | GI103: 0 | GJ103: 0 | GK103: 0 | GL103: 0 | GM103: 0 | GN103: 0 | GO103: 0
